Cancelación,Póliza,Fecha_Can,Causa
1,23922,2029-01-01 00:00:00,Solicitud
2,18091,2026-11-03 00:00:00,Falta de Pago
3,10227,2025-04-15 00:00:00,Solicitud
4,22456,2027-09-17 00:00:00,Solicitud
5,28466,2028-11-27 00:00:00,Solicitud
6,3319,2024-12-01 00:00:00,Falta de Pago
7,2195,2023-09-10 00:00:00,Falta de Pago
8,21504,2026-07-13 00:00:00,Falta de Pago
9,17494,2025-09-20 00:00:00,Solicitud
10,3772,2024-01-03 00:00:00,Solicitud
11,6688,2024-08-05 00:00:00,Solicitud
12,10042,2027-04-02 00:00:00,Solicitud
13,207,2023-04-15 00:00:00,Falta de Pago
14,16759,2025-07-30 00:00:00,Falta de Pago
15,27015,2027-08-14 00:00:00,Falta de Pago
16,580,2022-05-14 00:00:00,Solicitud
17,5955,2024-06-14 00:00:00,Falta de Pago
18,5231,2023-04-21 00:00:00,Solicitud
19,3781,2024-01-03 00:00:00,Falta de Pago
20,12082,2024-08-28 00:00:00,Falta de Pago
21,15082,2026-03-28 00:00:00,Solicitud
22,17839,2025-10-16 00:00:00,Solicitud
23,26708,2030-07-21 00:00:00,Solicitud
24,881,2023-06-05 00:00:00,Solicitud
25,19182,2027-01-21 00:00:00,Falta de Pago
26,7293,2025-09-18 00:00:00,Solicitud
27,7209,2023-09-13 00:00:00,Solicitud
28,17256,2027-09-05 00:00:00,Solicitud
29,13625,2024-12-13 00:00:00,Solicitud
30,9408,2024-02-16 00:00:00,Solicitud
31,20762,2029-05-18 00:00:00,Falta de Pago
32,13777,2025-12-25 00:00:00,Solicitud
33,8393,2024-12-06 00:00:00,Falta de Pago
34,12848,2024-10-18 00:00:00,Solicitud
35,5779,2023-05-30 00:00:00,Solicitud
36,21130,2026-06-17 00:00:00,Solicitud
37,13317,2026-11-22 00:00:00,Falta de Pago
38,15223,2025-04-07 00:00:00,Falta de Pago
39,28378,2027-11-19 00:00:00,Solicitud
40,12002,2026-08-22 00:00:00,Falta de Pago
41,6445,2024-07-17 00:00:00,Solicitud
42,5109,2024-04-10 00:00:00,Solicitud
43,15461,2027-04-26 00:00:00,Falta de Pago
44,2169,2024-09-09 00:00:00,Solicitud
45,19327,2027-02-03 00:00:00,Solicitud
46,2821,2023-10-27 00:00:00,Solicitud
47,1279,2022-07-03 00:00:00,Solicitud
48,27193,2029-08-27 00:00:00,Falta de Pago
49,13262,2026-11-17 00:00:00,Falta de Pago
50,28650,2027-12-10 00:00:00,Solicitud
51,15118,2026-03-31 00:00:00,Falta de Pago
52,28671,2029-12-11 00:00:00,Solicitud
53,14623,2025-02-22 00:00:00,Falta de Pago
54,17321,2025-09-10 00:00:00,Falta de Pago
55,9992,2025-03-29 00:00:00,Falta de Pago
56,27401,2028-09-11 00:00:00,Falta de Pago
57,8532,2025-12-16 00:00:00,Solicitud
58,10309,2025-04-21 00:00:00,Solicitud
59,28376,2027-11-19 00:00:00,Falta de Pago
60,22129,2027-08-25 00:00:00,Solicitud
61,24917,2027-03-14 00:00:00,Falta de Pago
62,17116,2025-08-25 00:00:00,Solicitud
63,12547,2024-09-28 00:00:00,Solicitud
64,14463,2025-02-11 00:00:00,Falta de Pago
65,20379,2027-04-19 00:00:00,Solicitud
66,28450,2027-11-25 00:00:00,Falta de Pago
67,16989,2027-08-15 00:00:00,Solicitud
68,13221,2024-11-15 00:00:00,Falta de Pago
69,18928,2026-01-05 00:00:00,Falta de Pago
70,10329,2025-04-22 00:00:00,Falta de Pago
71,7661,2024-10-14 00:00:00,Solicitud
72,22828,2029-10-14 00:00:00,Solicitud
73,6627,2025-07-31 00:00:00,Solicitud
74,6202,2023-06-30 00:00:00,Solicitud
75,11776,2027-08-03 00:00:00,Solicitud
76,2607,2022-10-11 00:00:00,Falta de Pago
77,10942,2024-06-08 00:00:00,Solicitud
78,3965,2023-01-16 00:00:00,Solicitud
79,15994,2025-06-04 00:00:00,Solicitud
80,19067,2027-01-14 00:00:00,Solicitud
81,16967,2027-08-13 00:00:00,Falta de Pago
82,326,2022-04-25 00:00:00,Falta de Pago
83,865,2024-06-04 00:00:00,Solicitud
84,11517,2025-07-16 00:00:00,Falta de Pago
85,8676,2023-12-28 00:00:00,Falta de Pago
86,15377,2025-04-19 00:00:00,Solicitud
87,28736,2027-12-16 00:00:00,Solicitud
88,14681,2027-02-27 00:00:00,Solicitud
89,763,2024-05-27 00:00:00,Falta de Pago
90,27146,2029-08-24 00:00:00,Falta de Pago
91,3414,2024-12-07 00:00:00,Solicitud
92,6166,2023-06-28 00:00:00,Solicitud
93,26629,2028-07-16 00:00:00,Falta de Pago
94,21496,2026-07-12 00:00:00,Solicitud
95,17438,2028-09-17 00:00:00,Solicitud
96,20373,2027-04-19 00:00:00,Solicitud
97,11745,2025-08-01 00:00:00,Solicitud
98,10365,2024-04-25 00:00:00,Falta de Pago
99,26339,2028-06-26 00:00:00,Falta de Pago
100,4906,2024-03-26 00:00:00,Falta de Pago
101,13855,2024-12-30 00:00:00,Solicitud
102,24647,2027-02-25 00:00:00,Solicitud
103,24763,2027-03-05 00:00:00,Solicitud
104,27917,2030-10-17 00:00:00,Solicitud
105,23477,2026-12-02 00:00:00,Solicitud
106,7269,2026-09-17 00:00:00,Solicitud
107,16395,2026-07-02 00:00:00,Falta de Pago
108,3183,2023-11-21 00:00:00,Solicitud
109,16049,2026-06-08 00:00:00,Falta de Pago
110,28047,2027-10-27 00:00:00,Falta de Pago
111,8545,2023-12-17 00:00:00,Solicitud
112,2065,2022-09-01 00:00:00,Solicitud
113,3594,2022-12-20 00:00:00,Solicitud
114,11327,2025-07-02 00:00:00,Falta de Pago
115,19599,2027-02-22 00:00:00,Falta de Pago
116,3416,2023-12-07 00:00:00,Falta de Pago
117,11124,2025-06-20 00:00:00,Solicitud
118,1843,2022-08-16 00:00:00,Falta de Pago
119,16834,2026-08-04 00:00:00,Falta de Pago
120,11936,2025-08-16 00:00:00,Falta de Pago
121,4106,2023-01-28 00:00:00,Solicitud
122,20273,2026-04-12 00:00:00,Solicitud
123,5008,2024-04-03 00:00:00,Solicitud
124,12475,2024-09-24 00:00:00,Falta de Pago
125,9802,2024-03-17 00:00:00,Falta de Pago
126,19822,2026-03-11 00:00:00,Solicitud
127,13716,2026-12-21 00:00:00,Solicitud
128,21080,2026-06-12 00:00:00,Solicitud
129,12339,2026-09-16 00:00:00,Solicitud
130,4789,2023-03-18 00:00:00,Falta de Pago
131,3326,2025-12-01 00:00:00,Solicitud
132,8938,2025-01-15 00:00:00,Solicitud
133,19,2024-04-02 00:00:00,Solicitud
134,6466,2024-07-18 00:00:00,Falta de Pago
135,23737,2028-12-20 00:00:00,Falta de Pago
136,25254,2028-04-06 00:00:00,Solicitud
137,662,2024-05-20 00:00:00,Falta de Pago
138,24208,2027-01-22 00:00:00,Solicitud
139,26868,2028-08-03 00:00:00,Falta de Pago
140,26386,2027-06-29 00:00:00,Falta de Pago
141,12908,2024-10-23 00:00:00,Solicitud
142,17123,2025-08-26 00:00:00,Solicitud
143,22201,2027-08-31 00:00:00,Falta de Pago
144,12730,2025-10-10 00:00:00,Solicitud
145,27452,2028-09-14 00:00:00,Falta de Pago
146,317,2022-04-24 00:00:00,Falta de Pago
147,26918,2028-08-07 00:00:00,Solicitud
148,17601,2025-09-28 00:00:00,Solicitud
149,8726,2023-12-31 00:00:00,Falta de Pago
150,27717,2028-10-04 00:00:00,Falta de Pago
151,15637,2025-05-09 00:00:00,Falta de Pago
152,12855,2024-10-18 00:00:00,Solicitud
153,9675,2026-03-08 00:00:00,Falta de Pago
154,23851,2027-12-27 00:00:00,Solicitud
155,10479,2025-05-05 00:00:00,Falta de Pago
156,24546,2027-02-17 00:00:00,Falta de Pago
157,2082,2023-09-02 00:00:00,Solicitud
158,6532,2023-07-23 00:00:00,Falta de Pago
159,20077,2027-03-29 00:00:00,Solicitud
160,7087,2024-09-03 00:00:00,Falta de Pago
161,15283,2026-04-12 00:00:00,Falta de Pago
162,6872,2026-08-19 00:00:00,Solicitud
163,8928,2024-01-14 00:00:00,Solicitud
164,5459,2024-05-06 00:00:00,Alteración de riesgo
165,7089,2025-09-03 00:00:00,Solicitud
166,6829,2025-08-15 00:00:00,Falta de Pago
167,14215,2026-01-23 00:00:00,Falta de Pago
168,80,2022-04-06 00:00:00,Falta de Pago
169,15251,2025-04-10 00:00:00,Solicitud
170,876,2024-06-04 00:00:00,Falta de Pago
171,16779,2026-07-31 00:00:00,Solicitud
172,18500,2026-12-03 00:00:00,Solicitud
173,9198,2025-02-01 00:00:00,Solicitud
174,10214,2024-04-14 00:00:00,Solicitud
175,10626,2026-05-16 00:00:00,Falta de Pago
176,12654,2024-10-05 00:00:00,Falta de Pago
177,16922,2026-08-11 00:00:00,Solicitud
178,99,2023-04-07 00:00:00,Solicitud
179,8503,2023-12-14 00:00:00,Falta de Pago
180,14642,2025-02-24 00:00:00,Solicitud
181,13310,2025-11-21 00:00:00,Falta de Pago
182,7658,2025-10-13 00:00:00,Falta de Pago
183,19757,2027-03-06 00:00:00,Solicitud
184,14402,2026-02-07 00:00:00,Solicitud
185,27780,2030-10-09 00:00:00,Solicitud
186,16016,2027-06-05 00:00:00,Solicitud
187,23256,2027-11-13 00:00:00,Falta de Pago
188,7025,2023-08-29 00:00:00,Falta de Pago
189,24358,2027-02-02 00:00:00,Solicitud
190,4017,2024-01-20 00:00:00,Falta de Pago
191,4356,2023-02-15 00:00:00,Falta de Pago
192,19179,2028-01-21 00:00:00,Solicitud
193,1060,2023-06-18 00:00:00,Falta de Pago
194,13269,2026-11-18 00:00:00,Falta de Pago
195,10143,2024-04-09 00:00:00,Solicitud
196,28409,2028-11-21 00:00:00,Solicitud
197,16701,2025-07-25 00:00:00,Falta de Pago
198,14409,2025-02-08 00:00:00,Falta de Pago
199,28562,2028-12-03 00:00:00,Solicitud
200,1218,2023-06-30 00:00:00,Falta de Pago
201,13490,2026-12-03 00:00:00,Solicitud
202,4472,2024-02-24 00:00:00,Falta de Pago
203,10223,2025-04-15 00:00:00,Solicitud
204,15568,2025-05-04 00:00:00,Falta de Pago
205,11132,2024-06-20 00:00:00,Falta de Pago
206,13088,2024-11-05 00:00:00,Falta de Pago
207,15249,2026-04-10 00:00:00,Falta de Pago
208,10023,2027-04-01 00:00:00,Falta de Pago
209,9312,2025-02-10 00:00:00,Solicitud
210,6112,2023-06-25 00:00:00,Solicitud
211,4848,2023-03-22 00:00:00,Solicitud
212,2137,2023-09-07 00:00:00,Falta de Pago
213,7475,2023-09-30 00:00:00,Solicitud
214,11062,2024-06-15 00:00:00,Falta de Pago
215,16190,2027-06-18 00:00:00,Solicitud
216,12868,2025-10-19 00:00:00,Falta de Pago
217,5304,2024-04-26 00:00:00,Solicitud
218,15937,2028-05-30 00:00:00,Solicitud
219,19010,2027-01-09 00:00:00,Falta de Pago
220,17459,2025-09-19 00:00:00,Solicitud
221,22279,2026-09-06 00:00:00,Falta de Pago
222,13381,2026-11-26 00:00:00,Solicitud
223,8221,2025-11-23 00:00:00,Solicitud
224,12905,2024-10-23 00:00:00,Falta de Pago
225,12452,2024-09-23 00:00:00,Falta de Pago
226,11089,2024-06-17 00:00:00,Solicitud
227,27054,2027-08-17 00:00:00,Falta de Pago
228,23566,2029-12-08 00:00:00,Falta de Pago
229,21178,2026-06-20 00:00:00,Falta de Pago
230,20858,2029-05-27 00:00:00,Falta de Pago
231,25840,2030-05-21 00:00:00,Solicitud
232,13248,2025-11-16 00:00:00,Falta de Pago
233,1647,2023-08-01 00:00:00,Falta de Pago
234,28071,2029-10-28 00:00:00,Falta de Pago
235,22792,2027-10-12 00:00:00,Falta de Pago
236,11429,2025-07-10 00:00:00,Solicitud
237,17928,2025-10-22 00:00:00,Solicitud
238,6898,2023-08-21 00:00:00,Solicitud
239,27646,2027-09-28 00:00:00,Falta de Pago
240,13959,2025-01-06 00:00:00,Falta de Pago
241,17522,2026-09-22 00:00:00,Falta de Pago
242,28962,2028-12-31 00:00:00,Solicitud
243,6025,2023-06-18 00:00:00,Solicitud
244,5468,2023-05-07 00:00:00,Falta de Pago
245,20794,2028-05-21 00:00:00,Falta de Pago
246,5111,2023-04-11 00:00:00,Solicitud
247,12340,2024-09-16 00:00:00,Falta de Pago
248,8754,2024-01-01 00:00:00,Falta de Pago
249,14044,2025-01-12 00:00:00,Solicitud
250,17832,2025-10-16 00:00:00,Falta de Pago
251,2741,2022-10-21 00:00:00,Falta de Pago
252,9478,2024-02-21 00:00:00,Solicitud
253,7935,2025-11-03 00:00:00,Solicitud
254,8621,2024-12-24 00:00:00,Falta de Pago
255,8629,2023-12-24 00:00:00,Solicitud
256,8718,2023-12-30 00:00:00,Falta de Pago
257,19130,2028-01-18 00:00:00,Falta de Pago
258,15626,2025-05-08 00:00:00,Solicitud
259,9452,2026-02-20 00:00:00,Falta de Pago
260,7146,2024-09-08 00:00:00,Falta de Pago
261,26440,2027-07-03 00:00:00,Falta de Pago
262,4486,2023-02-25 00:00:00,Falta de Pago
263,9807,2025-03-17 00:00:00,Falta de Pago
264,1417,2022-07-14 00:00:00,Solicitud
265,12699,2024-10-08 00:00:00,Solicitud
266,5204,2024-04-18 00:00:00,Falta de Pago
267,26326,2028-06-25 00:00:00,Solicitud
268,19166,2026-01-20 00:00:00,Solicitud
269,2814,2023-10-26 00:00:00,Falta de Pago
270,22692,2029-10-03 00:00:00,Falta de Pago
271,14186,2026-01-22 00:00:00,Falta de Pago
272,26678,2028-07-19 00:00:00,Falta de Pago
273,12840,2025-10-17 00:00:00,Falta de Pago
274,3275,2022-11-27 00:00:00,Falta de Pago
275,13308,2026-11-21 00:00:00,Falta de Pago
276,1685,2023-08-04 00:00:00,Falta de Pago
277,90,2022-04-07 00:00:00,Falta de Pago
278,5131,2024-04-12 00:00:00,Falta de Pago
279,25207,2028-04-03 00:00:00,Solicitud
280,25181,2029-04-01 00:00:00,Falta de Pago
281,20148,2026-04-03 00:00:00,Falta de Pago
282,18945,2029-01-06 00:00:00,Solicitud
283,4264,2024-02-08 00:00:00,Falta de Pago
284,2418,2022-09-26 00:00:00,Solicitud
285,3707,2022-12-28 00:00:00,Solicitud
286,9740,2027-03-14 00:00:00,Solicitud
287,4170,2023-02-01 00:00:00,Falta de Pago
288,14320,2026-01-31 00:00:00,Solicitud
289,11746,2026-08-01 00:00:00,Falta de Pago
290,14575,2026-02-19 00:00:00,Falta de Pago
291,3682,2023-12-27 00:00:00,Falta de Pago
292,23747,2029-12-20 00:00:00,Falta de Pago
293,28715,2027-12-15 00:00:00,Falta de Pago
294,12469,2025-09-23 00:00:00,Solicitud
295,7329,2025-09-20 00:00:00,Solicitud
296,7472,2024-09-29 00:00:00,Falta de Pago
297,2561,2024-10-08 00:00:00,Solicitud
298,23729,2028-12-19 00:00:00,Falta de Pago
299,175,2025-04-13 00:00:00,Solicitud
300,1451,2022-07-17 00:00:00,Solicitud
301,12800,2026-10-14 00:00:00,Falta de Pago
302,16471,2026-07-08 00:00:00,Falta de Pago
303,23607,2027-12-11 00:00:00,Solicitud
304,4458,2024-02-22 00:00:00,Solicitud
305,11003,2024-06-11 00:00:00,Solicitud
306,2524,2023-10-04 00:00:00,Falta de Pago
307,2856,2023-10-30 00:00:00,Falta de Pago
308,16486,2025-07-10 00:00:00,Falta de Pago
309,6014,2024-06-18 00:00:00,Falta de Pago
310,21940,2027-08-13 00:00:00,Solicitud
311,15825,2027-05-21 00:00:00,Solicitud
312,4653,2024-03-09 00:00:00,Solicitud
313,5128,2023-04-12 00:00:00,Solicitud
314,21780,2026-08-03 00:00:00,Falta de Pago
315,12650,2024-10-05 00:00:00,Solicitud
316,8920,2024-01-13 00:00:00,Solicitud
317,25831,2027-05-20 00:00:00,Solicitud
318,12858,2025-10-18 00:00:00,Falta de Pago
319,18620,2026-12-11 00:00:00,Falta de Pago
320,15916,2026-05-28 00:00:00,Solicitud
321,2901,2022-11-02 00:00:00,Falta de Pago
322,18263,2025-11-16 00:00:00,Falta de Pago
323,11153,2025-06-21 00:00:00,Solicitud
324,9861,2024-03-20 00:00:00,Solicitud
325,9821,2024-03-18 00:00:00,Solicitud
326,18810,2026-12-26 00:00:00,Falta de Pago
327,6917,2025-08-22 00:00:00,Falta de Pago
328,21745,2026-07-31 00:00:00,Solicitud
329,20821,2027-05-23 00:00:00,Falta de Pago
330,2298,2023-09-18 00:00:00,Falta de Pago
331,10556,2024-05-11 00:00:00,Falta de Pago
332,20467,2028-04-26 00:00:00,Falta de Pago
333,18034,2025-10-30 00:00:00,Solicitud
334,22188,2028-08-30 00:00:00,Solicitud
335,25484,2027-04-24 00:00:00,Falta de Pago
336,24818,2028-03-08 00:00:00,Falta de Pago
337,1581,2023-07-27 00:00:00,Falta de Pago
338,4247,2023-02-07 00:00:00,Falta de Pago
339,15472,2026-04-27 00:00:00,Falta de Pago
340,14122,2027-01-17 00:00:00,Falta de Pago
341,7981,2023-11-06 00:00:00,Solicitud
342,11714,2025-07-30 00:00:00,Falta de Pago
343,1391,2022-07-12 00:00:00,Solicitud
344,2158,2022-09-08 00:00:00,Solicitud
345,9110,2026-01-27 00:00:00,Falta de Pago
346,6894,2025-08-20 00:00:00,Solicitud
347,15635,2025-05-09 00:00:00,Solicitud
348,27723,2027-10-05 00:00:00,Solicitud
349,26028,2028-06-03 00:00:00,Solicitud
350,20181,2027-04-05 00:00:00,Solicitud
351,19995,2029-03-23 00:00:00,Falta de Pago
352,25118,2028-03-28 00:00:00,Solicitud
353,28742,2028-12-16 00:00:00,Solicitud
354,19247,2027-01-27 00:00:00,Falta de Pago
355,5122,2023-04-11 00:00:00,Solicitud
356,19158,2027-01-20 00:00:00,Solicitud
357,6568,2023-07-27 00:00:00,Falta de Pago
358,10033,2025-04-02 00:00:00,Falta de Pago
359,6195,2024-06-29 00:00:00,Falta de Pago
360,16706,2026-07-25 00:00:00,Solicitud
361,12738,2024-10-10 00:00:00,Falta de Pago
362,16894,2027-08-08 00:00:00,Falta de Pago
363,6401,2024-07-14 00:00:00,Solicitud
364,3347,2023-12-02 00:00:00,Falta de Pago
365,27678,2028-10-01 00:00:00,Falta de Pago
366,18258,2026-11-16 00:00:00,Solicitud
367,15,2022-04-01 00:00:00,Solicitud
368,15673,2026-05-11 00:00:00,Solicitud
369,3372,2024-12-04 00:00:00,Falta de Pago
370,27537,2027-09-20 00:00:00,Falta de Pago
371,2507,2022-10-03 00:00:00,Falta de Pago
372,8974,2026-01-18 00:00:00,Falta de Pago
373,4465,2023-02-23 00:00:00,Solicitud
374,2306,2022-09-19 00:00:00,Falta de Pago
375,2380,2022-09-23 00:00:00,Falta de Pago
376,5470,2024-05-08 00:00:00,Falta de Pago
377,4855,2025-03-22 00:00:00,Solicitud
378,10338,2024-04-23 00:00:00,Solicitud
379,6461,2023-07-18 00:00:00,Solicitud
380,20447,2027-04-24 00:00:00,Falta de Pago
381,4923,2023-03-28 00:00:00,Falta de Pago
382,26977,2029-08-11 00:00:00,Solicitud
383,725,2022-05-25 00:00:00,Solicitud
384,8898,2024-01-11 00:00:00,Solicitud
385,24666,2028-02-26 00:00:00,Falta de Pago
386,20102,2026-03-31 00:00:00,Solicitud
387,14565,2025-02-18 00:00:00,Solicitud
388,25614,2028-05-04 00:00:00,Solicitud
389,5406,2023-05-03 00:00:00,Falta de Pago
390,13405,2027-11-27 00:00:00,Falta de Pago
391,14616,2027-02-22 00:00:00,Falta de Pago
392,25959,2029-05-29 00:00:00,Solicitud
393,21079,2027-06-12 00:00:00,Falta de Pago
394,8468,2025-12-12 00:00:00,Falta de Pago
395,7416,2024-09-25 00:00:00,Solicitud
396,36,2022-04-03 00:00:00,Falta de Pago
397,4598,2025-03-05 00:00:00,Solicitud
398,17709,2027-10-06 00:00:00,Falta de Pago
399,23378,2027-11-24 00:00:00,Solicitud
400,25508,2027-04-26 00:00:00,Solicitud
401,20549,2026-05-01 00:00:00,Solicitud
402,28301,2028-11-14 00:00:00,Solicitud
403,28153,2028-11-03 00:00:00,Solicitud
404,18148,2025-11-08 00:00:00,Solicitud
405,6708,2026-08-07 00:00:00,Falta de Pago
406,5410,2023-05-03 00:00:00,Solicitud
407,1149,2022-06-25 00:00:00,Falta de Pago
408,620,2022-05-16 00:00:00,Solicitud
409,22621,2027-09-28 00:00:00,Solicitud
410,12582,2025-09-30 00:00:00,Solicitud
411,27060,2027-08-17 00:00:00,Falta de Pago
412,5333,2023-04-28 00:00:00,Falta de Pago
413,8644,2024-12-26 00:00:00,Falta de Pago
414,12646,2024-10-04 00:00:00,Solicitud
415,2414,2023-09-26 00:00:00,Solicitud
416,9219,2024-02-03 00:00:00,Falta de Pago
417,2141,2022-09-07 00:00:00,Solicitud
418,17574,2025-09-27 00:00:00,Falta de Pago
419,13170,2025-11-11 00:00:00,Falta de Pago
420,20522,2027-04-30 00:00:00,Solicitud
421,18304,2025-11-19 00:00:00,Solicitud
422,2501,2025-10-02 00:00:00,Solicitud
423,8069,2023-11-12 00:00:00,Solicitud
424,5294,2025-04-25 00:00:00,Falta de Pago
425,19785,2026-03-08 00:00:00,Falta de Pago
426,25012,2027-03-20 00:00:00,Falta de Pago
427,14272,2025-01-28 00:00:00,Falta de Pago
428,17597,2026-09-28 00:00:00,Solicitud
429,17189,2026-08-31 00:00:00,Falta de Pago
430,24196,2029-01-20 00:00:00,Solicitud
431,26984,2027-08-12 00:00:00,Falta de Pago
432,24292,2027-01-29 00:00:00,Solicitud
433,24590,2029-02-20 00:00:00,Falta de Pago
434,19319,2027-02-03 00:00:00,Falta de Pago
435,10065,2025-04-04 00:00:00,Falta de Pago
436,1928,2023-08-22 00:00:00,Falta de Pago
437,5419,2023-05-04 00:00:00,Solicitud
438,3472,2023-12-12 00:00:00,Falta de Pago
439,14582,2025-02-19 00:00:00,Falta de Pago
440,15587,2026-05-05 00:00:00,Solicitud
441,28688,2028-12-13 00:00:00,Falta de Pago
442,22393,2026-09-13 00:00:00,Falta de Pago
443,9969,2025-03-27 00:00:00,Falta de Pago
444,20475,2028-04-27 00:00:00,Solicitud
445,20970,2026-06-05 00:00:00,Falta de Pago
446,22369,2027-09-12 00:00:00,Solicitud
447,26367,2027-06-28 00:00:00,Falta de Pago
448,23428,2026-11-28 00:00:00,Solicitud
449,26955,2027-08-09 00:00:00,Solicitud
450,10658,2025-05-19 00:00:00,Solicitud
451,8086,2025-11-14 00:00:00,Falta de Pago
452,26580,2028-07-13 00:00:00,Solicitud
453,8192,2023-11-21 00:00:00,Falta de Pago
454,16681,2025-07-23 00:00:00,Falta de Pago
455,7453,2023-09-28 00:00:00,Falta de Pago
456,28543,2027-12-02 00:00:00,Falta de Pago
457,10865,2024-06-02 00:00:00,Falta de Pago
458,81,2022-04-06 00:00:00,Falta de Pago
459,18170,2025-11-09 00:00:00,Solicitud
460,25941,2027-05-28 00:00:00,Falta de Pago
461,14764,2026-03-05 00:00:00,Solicitud
462,12010,2024-08-22 00:00:00,Solicitud
463,4187,2023-02-02 00:00:00,Solicitud
464,28118,2028-11-01 00:00:00,Falta de Pago
465,6436,2024-07-16 00:00:00,Solicitud
466,4161,2023-02-01 00:00:00,Solicitud
467,17110,2026-08-25 00:00:00,Falta de Pago
468,22780,2029-10-11 00:00:00,Solicitud
469,1688,2022-08-04 00:00:00,Solicitud
470,647,2022-05-19 00:00:00,Solicitud
471,26456,2027-07-03 00:00:00,Falta de Pago
472,17088,2025-08-23 00:00:00,Alteración de riesgo
473,1877,2022-08-18 00:00:00,Falta de Pago
474,15582,2025-05-05 00:00:00,Falta de Pago
475,12111,2024-08-30 00:00:00,Solicitud
476,5748,2023-05-28 00:00:00,Solicitud
477,16164,2027-06-16 00:00:00,Solicitud
478,28329,2027-11-16 00:00:00,Falta de Pago
479,17014,2026-08-17 00:00:00,Falta de Pago
480,6398,2025-07-14 00:00:00,Falta de Pago
481,28926,2029-12-28 00:00:00,Falta de Pago
482,19575,2026-02-21 00:00:00,Solicitud
483,3445,2024-12-10 00:00:00,Falta de Pago
484,11165,2024-06-22 00:00:00,Solicitud
485,3749,2025-01-01 00:00:00,Falta de Pago
486,1295,2023-07-04 00:00:00,Falta de Pago
487,4287,2023-02-10 00:00:00,Falta de Pago
488,11495,2024-07-14 00:00:00,Falta de Pago
489,22789,2026-10-12 00:00:00,Solicitud
490,23210,2026-11-10 00:00:00,Solicitud
491,983,2022-06-12 00:00:00,Falta de Pago
492,1978,2023-08-25 00:00:00,Solicitud
493,5417,2026-05-04 00:00:00,Solicitud
494,2403,2025-09-25 00:00:00,Falta de Pago
495,13290,2024-11-20 00:00:00,Falta de Pago
496,6566,2024-07-26 00:00:00,Falta de Pago
497,24815,2028-03-08 00:00:00,Falta de Pago
498,26768,2027-07-26 00:00:00,Falta de Pago
499,28036,2028-10-26 00:00:00,Falta de Pago
500,11140,2024-06-21 00:00:00,Falta de Pago
501,2621,2025-10-12 00:00:00,Solicitud
502,9262,2025-02-06 00:00:00,Solicitud
503,262,2022-04-20 00:00:00,Solicitud
504,6933,2023-08-23 00:00:00,Solicitud
505,21445,2027-07-09 00:00:00,Falta de Pago
506,20430,2026-04-23 00:00:00,Falta de Pago
507,14167,2026-01-20 00:00:00,Solicitud
508,26923,2027-08-07 00:00:00,Falta de Pago
509,11256,2024-06-27 00:00:00,Falta de Pago
510,25869,2027-05-23 00:00:00,Solicitud
511,4415,2024-02-19 00:00:00,Solicitud
512,5452,2023-05-06 00:00:00,Solicitud
513,9468,2024-02-20 00:00:00,Falta de Pago
514,4391,2024-02-17 00:00:00,Falta de Pago
515,28328,2029-11-16 00:00:00,Solicitud
516,15279,2026-04-12 00:00:00,Falta de Pago
517,20993,2027-06-06 00:00:00,Solicitud
518,19831,2029-03-12 00:00:00,Falta de Pago
519,7696,2024-10-16 00:00:00,Solicitud
520,13848,2024-12-30 00:00:00,Falta de Pago
521,24962,2030-03-17 00:00:00,Solicitud
522,20603,2026-05-06 00:00:00,Falta de Pago
523,22787,2027-10-11 00:00:00,Solicitud
524,8924,2025-01-14 00:00:00,Solicitud
525,10810,2025-05-29 00:00:00,Falta de Pago
526,5555,2025-05-14 00:00:00,Solicitud
527,12988,2025-10-28 00:00:00,Falta de Pago
528,2574,2022-10-08 00:00:00,Alteración de riesgo
529,27290,2028-09-04 00:00:00,Falta de Pago
530,2556,2023-10-07 00:00:00,Falta de Pago
531,25819,2028-05-19 00:00:00,Falta de Pago
532,2500,2022-10-02 00:00:00,Falta de Pago
533,21567,2026-07-18 00:00:00,Falta de Pago
534,19627,2028-02-24 00:00:00,Falta de Pago
535,25897,2027-05-25 00:00:00,Solicitud
536,405,2023-05-02 00:00:00,Falta de Pago
537,21321,2027-06-30 00:00:00,Falta de Pago
538,19329,2028-02-03 00:00:00,Falta de Pago
539,9728,2024-03-13 00:00:00,Solicitud
540,970,2022-06-11 00:00:00,Falta de Pago
541,19771,2026-03-07 00:00:00,Solicitud
542,22213,2027-08-31 00:00:00,Falta de Pago
543,18318,2026-11-20 00:00:00,Falta de Pago
544,19981,2027-03-22 00:00:00,Solicitud
545,3263,2023-11-26 00:00:00,Solicitud
546,5398,2023-05-03 00:00:00,Falta de Pago
547,12372,2025-09-18 00:00:00,Falta de Pago
548,7498,2024-10-01 00:00:00,Solicitud
549,17488,2026-09-20 00:00:00,Solicitud
550,24551,2028-02-18 00:00:00,Falta de Pago
551,27416,2027-09-12 00:00:00,Falta de Pago
552,1177,2023-06-27 00:00:00,Falta de Pago
553,16927,2025-08-11 00:00:00,Falta de Pago
554,24846,2029-03-10 00:00:00,Falta de Pago
555,2039,2023-08-30 00:00:00,Falta de Pago
556,24942,2027-03-15 00:00:00,Solicitud
557,3611,2023-12-22 00:00:00,Falta de Pago
558,12530,2024-09-27 00:00:00,Solicitud
559,13046,2024-11-02 00:00:00,Solicitud
560,23653,2029-12-14 00:00:00,Solicitud
561,9897,2027-03-22 00:00:00,Falta de Pago
562,12647,2024-10-04 00:00:00,Falta de Pago
563,17581,2028-09-27 00:00:00,Falta de Pago
564,12204,2025-09-06 00:00:00,Falta de Pago
565,2838,2023-10-28 00:00:00,Falta de Pago
566,22837,2029-10-14 00:00:00,Solicitud
567,6963,2024-08-25 00:00:00,Falta de Pago
568,18681,2026-12-15 00:00:00,Falta de Pago
569,9805,2024-03-17 00:00:00,Solicitud
570,5537,2024-05-12 00:00:00,Falta de Pago
571,11610,2025-07-22 00:00:00,Falta de Pago
572,3231,2025-11-24 00:00:00,Falta de Pago
573,18441,2027-11-29 00:00:00,Falta de Pago
574,20919,2026-05-31 00:00:00,Falta de Pago
575,23268,2026-11-14 00:00:00,Falta de Pago
576,26016,2027-06-02 00:00:00,Solicitud
577,25996,2028-06-01 00:00:00,Falta de Pago
578,4357,2023-02-15 00:00:00,Solicitud
579,25090,2029-03-26 00:00:00,Solicitud
580,28933,2028-12-29 00:00:00,Falta de Pago
581,9514,2025-02-24 00:00:00,Falta de Pago
582,3384,2022-12-05 00:00:00,Falta de Pago
583,5386,2025-05-01 00:00:00,Falta de Pago
584,27289,2028-09-03 00:00:00,Falta de Pago
585,21226,2026-06-23 00:00:00,Falta de Pago
586,18063,2026-11-02 00:00:00,Solicitud
587,7832,2024-10-26 00:00:00,Falta de Pago
588,2580,2022-10-09 00:00:00,Solicitud
589,26790,2027-07-28 00:00:00,Solicitud
590,28604,2027-12-07 00:00:00,Solicitud
591,20387,2027-04-20 00:00:00,Falta de Pago
592,8599,2024-12-21 00:00:00,Falta de Pago
593,1668,2022-08-03 00:00:00,Falta de Pago
594,14066,2025-01-13 00:00:00,Falta de Pago
595,27398,2028-09-11 00:00:00,Solicitud
596,12928,2024-10-24 00:00:00,Solicitud
597,22285,2027-09-06 00:00:00,Solicitud
598,18688,2026-12-16 00:00:00,Falta de Pago
599,11580,2025-07-20 00:00:00,Solicitud
600,21903,2026-08-10 00:00:00,Solicitud
601,25676,2028-05-09 00:00:00,Falta de Pago
602,13454,2025-11-30 00:00:00,Solicitud
603,28720,2027-12-15 00:00:00,Solicitud
604,5721,2024-05-26 00:00:00,Falta de Pago
605,22492,2027-09-19 00:00:00,Solicitud
606,17308,2026-09-09 00:00:00,Falta de Pago
607,10597,2024-05-14 00:00:00,Solicitud
608,9473,2024-02-20 00:00:00,Solicitud
609,17356,2025-09-12 00:00:00,Solicitud
610,23431,2026-11-28 00:00:00,Solicitud
611,8429,2024-12-09 00:00:00,Solicitud
612,6689,2025-08-05 00:00:00,Falta de Pago
613,13300,2025-11-20 00:00:00,Falta de Pago
614,9493,2025-02-22 00:00:00,Solicitud
615,1233,2022-07-01 00:00:00,Solicitud
616,25021,2028-03-21 00:00:00,Solicitud
617,2696,2023-10-18 00:00:00,Solicitud
618,24329,2029-01-31 00:00:00,Solicitud
619,20781,2026-05-20 00:00:00,Solicitud
620,2019,2025-08-29 00:00:00,Falta de Pago
621,3327,2025-12-01 00:00:00,Solicitud
622,21412,2027-07-07 00:00:00,Falta de Pago
623,1383,2022-07-11 00:00:00,Falta de Pago
624,22076,2026-08-21 00:00:00,Falta de Pago
625,19864,2027-03-14 00:00:00,Solicitud
626,5520,2024-05-11 00:00:00,Falta de Pago
627,27308,2028-09-05 00:00:00,Falta de Pago
628,6276,2023-07-06 00:00:00,Solicitud
629,10224,2024-04-15 00:00:00,Falta de Pago
630,2660,2024-10-15 00:00:00,Falta de Pago
631,25238,2027-04-05 00:00:00,Solicitud
632,11881,2025-08-12 00:00:00,Falta de Pago
633,15098,2026-03-30 00:00:00,Falta de Pago
634,9280,2024-02-08 00:00:00,Falta de Pago
635,7618,2024-10-10 00:00:00,Solicitud
636,14546,2025-02-17 00:00:00,Falta de Pago
637,23347,2026-11-21 00:00:00,Solicitud
638,2576,2023-10-09 00:00:00,Falta de Pago
639,12294,2024-09-13 00:00:00,Solicitud
640,22322,2026-09-08 00:00:00,Falta de Pago
641,21402,2027-07-06 00:00:00,Solicitud
642,7449,2023-09-28 00:00:00,Falta de Pago
643,16444,2025-07-06 00:00:00,Falta de Pago
644,14422,2025-02-09 00:00:00,Solicitud
645,8044,2023-11-11 00:00:00,Falta de Pago
646,8125,2023-11-16 00:00:00,Falta de Pago
647,183,2023-04-13 00:00:00,Solicitud
648,4644,2025-03-09 00:00:00,Falta de Pago
649,6426,2023-07-15 00:00:00,Falta de Pago
650,20117,2026-04-01 00:00:00,Solicitud
651,4174,2023-02-02 00:00:00,Solicitud
652,5232,2023-04-21 00:00:00,Falta de Pago
653,13288,2026-11-19 00:00:00,Falta de Pago
654,14062,2025-01-13 00:00:00,Falta de Pago
655,24040,2027-01-09 00:00:00,Falta de Pago
656,25681,2029-05-09 00:00:00,Falta de Pago
657,17777,2025-10-11 00:00:00,Falta de Pago
658,1013,2022-06-15 00:00:00,Solicitud
659,18413,2027-11-27 00:00:00,Falta de Pago
660,2431,2022-09-27 00:00:00,Solicitud
661,17046,2025-08-20 00:00:00,Falta de Pago
662,15853,2025-05-23 00:00:00,Falta de Pago
663,2314,2024-09-19 00:00:00,Solicitud
664,22317,2028-09-08 00:00:00,Solicitud
665,8605,2023-12-21 00:00:00,Solicitud
666,8186,2025-11-20 00:00:00,Falta de Pago
667,28216,2028-11-08 00:00:00,Falta de Pago
668,5346,2024-04-28 00:00:00,Falta de Pago
669,10783,2024-05-27 00:00:00,Falta de Pago
670,4272,2023-02-09 00:00:00,Falta de Pago
671,22080,2026-08-22 00:00:00,Solicitud
672,28213,2029-11-07 00:00:00,Solicitud
673,26087,2027-06-08 00:00:00,Solicitud
674,3891,2023-01-11 00:00:00,Solicitud
675,11553,2026-07-18 00:00:00,Falta de Pago
676,23816,2026-12-25 00:00:00,Solicitud
677,18807,2025-12-25 00:00:00,Falta de Pago
678,15418,2025-04-23 00:00:00,Falta de Pago
679,18109,2025-11-04 00:00:00,Falta de Pago
680,19316,2026-02-02 00:00:00,Falta de Pago
681,19675,2027-03-01 00:00:00,Solicitud
682,8576,2023-12-19 00:00:00,Falta de Pago
683,12308,2024-09-13 00:00:00,Falta de Pago
684,8984,2025-01-19 00:00:00,Falta de Pago
685,8539,2023-12-16 00:00:00,Solicitud
686,12531,2024-09-27 00:00:00,Solicitud
687,14498,2025-02-13 00:00:00,Falta de Pago
688,2692,2022-10-17 00:00:00,Falta de Pago
689,18966,2026-01-07 00:00:00,Solicitud
690,5427,2024-05-04 00:00:00,Solicitud
691,20016,2028-03-24 00:00:00,Solicitud
692,28069,2028-10-28 00:00:00,Falta de Pago
693,16659,2026-07-22 00:00:00,Solicitud
694,17393,2025-09-14 00:00:00,Falta de Pago
695,26577,2028-07-12 00:00:00,Solicitud
696,11512,2025-07-15 00:00:00,Falta de Pago
697,1424,2024-07-15 00:00:00,Solicitud
698,5669,2025-05-23 00:00:00,Solicitud
699,7660,2025-10-14 00:00:00,Solicitud
700,8309,2023-11-29 00:00:00,Solicitud
701,19249,2027-01-27 00:00:00,Falta de Pago
702,19711,2027-03-03 00:00:00,Solicitud
703,21480,2027-07-11 00:00:00,Solicitud
704,5678,2023-05-23 00:00:00,Falta de Pago
705,20106,2026-03-31 00:00:00,Falta de Pago
706,18321,2027-11-20 00:00:00,Falta de Pago
707,23312,2027-11-18 00:00:00,Falta de Pago
708,9038,2025-01-22 00:00:00,Falta de Pago
709,3855,2024-01-09 00:00:00,Solicitud
710,8994,2025-01-19 00:00:00,Falta de Pago
711,26293,2029-06-23 00:00:00,Falta de Pago
712,27150,2027-08-24 00:00:00,Solicitud
713,11404,2024-07-08 00:00:00,Falta de Pago
714,4760,2024-03-16 00:00:00,Falta de Pago
715,378,2025-04-29 00:00:00,Falta de Pago
716,22361,2027-09-11 00:00:00,Solicitud
717,21186,2027-06-21 00:00:00,Falta de Pago
718,24303,2030-01-29 00:00:00,Solicitud
719,18930,2028-01-05 00:00:00,Solicitud
720,20334,2026-04-16 00:00:00,Solicitud
721,14189,2027-01-22 00:00:00,Falta de Pago
722,6632,2023-07-31 00:00:00,Falta de Pago
723,10097,2026-04-06 00:00:00,Falta de Pago
724,9612,2024-03-03 00:00:00,Solicitud
725,16591,2026-07-18 00:00:00,Falta de Pago
726,25446,2027-04-21 00:00:00,Falta de Pago
727,4341,2023-02-13 00:00:00,Falta de Pago
728,20579,2026-05-04 00:00:00,Solicitud
729,2208,2023-09-11 00:00:00,Falta de Pago
730,12126,2024-08-31 00:00:00,Falta de Pago
731,20322,2028-04-16 00:00:00,Solicitud
732,10966,2025-06-09 00:00:00,Falta de Pago
733,12193,2024-09-05 00:00:00,Solicitud
734,27017,2027-08-14 00:00:00,Falta de Pago
735,3152,2022-11-19 00:00:00,Solicitud
736,4418,2024-02-19 00:00:00,Solicitud
737,47,2024-04-04 00:00:00,Solicitud
738,20140,2026-04-02 00:00:00,Falta de Pago
739,22214,2026-09-01 00:00:00,Falta de Pago
740,20329,2028-04-16 00:00:00,Falta de Pago
741,8277,2025-11-27 00:00:00,Falta de Pago
742,6926,2023-08-22 00:00:00,Solicitud
743,26121,2028-06-11 00:00:00,Falta de Pago
744,27549,2028-09-21 00:00:00,Solicitud
745,22176,2027-08-28 00:00:00,Falta de Pago
746,7137,2023-09-08 00:00:00,Solicitud
747,24692,2028-02-28 00:00:00,Falta de Pago
748,15433,2026-04-24 00:00:00,Solicitud
749,10634,2024-05-17 00:00:00,Solicitud
750,3385,2022-12-05 00:00:00,Falta de Pago
751,28540,2027-12-01 00:00:00,Falta de Pago
752,13756,2024-12-24 00:00:00,Solicitud
753,477,2023-05-07 00:00:00,Solicitud
754,4853,2024-03-22 00:00:00,Falta de Pago
755,3919,2026-01-13 00:00:00,Solicitud
756,787,2023-05-29 00:00:00,Falta de Pago
757,13370,2026-11-25 00:00:00,Solicitud
758,23652,2026-12-14 00:00:00,Solicitud
759,8167,2023-11-20 00:00:00,Falta de Pago
760,5591,2023-05-17 00:00:00,Solicitud
761,17902,2025-10-20 00:00:00,Falta de Pago
762,21112,2026-06-15 00:00:00,Solicitud
763,7534,2024-10-04 00:00:00,Falta de Pago
764,15405,2025-04-22 00:00:00,Falta de Pago
765,24012,2029-01-07 00:00:00,Falta de Pago
766,1627,2023-07-30 00:00:00,Falta de Pago
767,23814,2027-12-25 00:00:00,Solicitud
768,24580,2028-02-19 00:00:00,Solicitud
769,16538,2026-07-14 00:00:00,Solicitud
770,12753,2025-10-11 00:00:00,Falta de Pago
771,8374,2025-12-05 00:00:00,Falta de Pago
772,20798,2026-05-21 00:00:00,Falta de Pago
773,19825,2027-03-11 00:00:00,Falta de Pago
774,22398,2027-09-13 00:00:00,Falta de Pago
775,22112,2027-08-24 00:00:00,Falta de Pago
776,24706,2028-03-01 00:00:00,Falta de Pago
777,16810,2025-08-02 00:00:00,Solicitud
778,7632,2026-10-11 00:00:00,Falta de Pago
779,18326,2027-11-21 00:00:00,Falta de Pago
780,18119,2025-11-06 00:00:00,Solicitud
781,25013,2027-03-20 00:00:00,Falta de Pago
782,1243,2023-07-01 00:00:00,Solicitud
783,19887,2026-03-16 00:00:00,Falta de Pago
784,3715,2024-12-29 00:00:00,Falta de Pago
785,22450,2027-09-17 00:00:00,Solicitud
786,19414,2027-02-09 00:00:00,Falta de Pago
787,11788,2025-08-05 00:00:00,Solicitud
788,18047,2025-10-31 00:00:00,Falta de Pago
789,18876,2026-12-30 00:00:00,Solicitud
790,15174,2025-04-04 00:00:00,Falta de Pago
791,3502,2024-12-14 00:00:00,Solicitud
792,4716,2023-03-13 00:00:00,Falta de Pago
793,4818,2024-03-20 00:00:00,Solicitud
794,20489,2026-04-28 00:00:00,Solicitud
795,343,2023-04-26 00:00:00,Solicitud
796,20344,2026-04-17 00:00:00,Solicitud
797,1525,2025-07-22 00:00:00,Solicitud
798,23531,2026-12-06 00:00:00,Falta de Pago
799,13349,2024-11-24 00:00:00,Falta de Pago
800,1559,2023-07-25 00:00:00,Falta de Pago
801,21127,2027-06-16 00:00:00,Falta de Pago
802,13830,2025-12-29 00:00:00,Solicitud
803,13911,2026-01-03 00:00:00,Solicitud
804,13553,2024-12-08 00:00:00,Falta de Pago
805,26635,2027-07-16 00:00:00,Solicitud
806,15385,2025-04-20 00:00:00,Solicitud
807,23208,2027-11-10 00:00:00,Solicitud
808,8153,2024-11-18 00:00:00,Solicitud
809,13500,2024-12-04 00:00:00,Falta de Pago
810,16670,2025-07-23 00:00:00,Falta de Pago
811,2791,2022-10-25 00:00:00,Falta de Pago
812,18636,2025-12-12 00:00:00,Solicitud
813,28710,2027-12-14 00:00:00,Falta de Pago
814,7392,2023-09-24 00:00:00,Falta de Pago
815,8037,2024-11-10 00:00:00,Falta de Pago
816,5485,2023-05-09 00:00:00,Falta de Pago
817,12060,2025-08-26 00:00:00,Falta de Pago
818,13035,2024-11-01 00:00:00,Falta de Pago
819,11119,2024-06-19 00:00:00,Solicitud
820,9065,2025-01-24 00:00:00,Falta de Pago
821,13573,2025-12-09 00:00:00,Solicitud
822,12164,2024-09-03 00:00:00,Falta de Pago
823,17119,2026-08-25 00:00:00,Solicitud
824,14970,2025-03-20 00:00:00,Solicitud
825,9093,2025-01-25 00:00:00,Solicitud
826,11803,2024-08-06 00:00:00,Falta de Pago
827,16118,2025-06-13 00:00:00,Falta de Pago
828,1007,2022-06-14 00:00:00,Falta de Pago
829,16561,2026-07-16 00:00:00,Falta de Pago
830,22964,2026-10-24 00:00:00,Falta de Pago
831,5524,2025-05-12 00:00:00,Solicitud
832,910,2022-06-08 00:00:00,Solicitud
833,15652,2026-05-10 00:00:00,Solicitud
834,18557,2027-12-06 00:00:00,Falta de Pago
835,10697,2024-05-22 00:00:00,Solicitud
836,12779,2024-10-13 00:00:00,Falta de Pago
837,23190,2026-11-09 00:00:00,Falta de Pago
838,3890,2024-01-11 00:00:00,Solicitud
839,6873,2024-08-19 00:00:00,Falta de Pago
840,28274,2027-11-11 00:00:00,Solicitud
841,25899,2030-05-25 00:00:00,Falta de Pago
842,17391,2026-09-14 00:00:00,Solicitud
843,8836,2024-01-07 00:00:00,Falta de Pago
844,9771,2024-03-16 00:00:00,Falta de Pago
845,282,2022-04-21 00:00:00,Falta de Pago
846,25940,2027-05-28 00:00:00,Solicitud
847,20917,2028-05-31 00:00:00,Falta de Pago
848,421,2023-05-03 00:00:00,Solicitud
849,19133,2026-01-18 00:00:00,Solicitud
850,9151,2024-01-30 00:00:00,Falta de Pago
851,22970,2026-10-25 00:00:00,Falta de Pago
852,10379,2024-04-26 00:00:00,Falta de Pago
853,28568,2028-12-04 00:00:00,Falta de Pago
854,14501,2027-02-13 00:00:00,Falta de Pago
855,18393,2027-11-25 00:00:00,Falta de Pago
856,6053,2025-06-20 00:00:00,Solicitud
857,3583,2022-12-19 00:00:00,Falta de Pago
858,1823,2022-08-14 00:00:00,Solicitud
859,11296,2025-06-30 00:00:00,Falta de Pago
860,2046,2023-08-30 00:00:00,Falta de Pago
861,19512,2027-02-16 00:00:00,Solicitud
862,15203,2026-04-06 00:00:00,Solicitud
863,2697,2024-10-18 00:00:00,Alteración de riesgo
864,17568,2025-09-26 00:00:00,Solicitud
865,9006,2024-01-20 00:00:00,Falta de Pago
866,13121,2024-11-07 00:00:00,Solicitud
867,19506,2027-02-16 00:00:00,Falta de Pago
868,25450,2028-04-22 00:00:00,Solicitud
869,23521,2027-12-05 00:00:00,Falta de Pago
870,13758,2024-12-24 00:00:00,Falta de Pago
871,10765,2024-05-26 00:00:00,Falta de Pago
872,13889,2025-01-02 00:00:00,Solicitud
873,26994,2028-08-12 00:00:00,Solicitud
874,14344,2026-02-02 00:00:00,Falta de Pago
875,5071,2024-04-07 00:00:00,Solicitud
876,2877,2022-10-31 00:00:00,Solicitud
877,25142,2027-03-29 00:00:00,Falta de Pago
878,16647,2025-07-21 00:00:00,Falta de Pago
879,19418,2028-02-09 00:00:00,Falta de Pago
880,6629,2023-07-31 00:00:00,Solicitud
881,5010,2024-04-03 00:00:00,Falta de Pago
882,16139,2028-06-14 00:00:00,Solicitud
883,3469,2023-12-12 00:00:00,Solicitud
884,4887,2023-03-24 00:00:00,Falta de Pago
885,1827,2024-08-14 00:00:00,Solicitud
886,23943,2028-01-02 00:00:00,Falta de Pago
887,1273,2024-07-03 00:00:00,Solicitud
888,12871,2025-10-20 00:00:00,Falta de Pago
889,28292,2029-11-13 00:00:00,Solicitud
890,23626,2027-12-12 00:00:00,Falta de Pago
891,19217,2027-01-24 00:00:00,Solicitud
892,1357,2022-07-09 00:00:00,Solicitud
893,12951,2025-10-26 00:00:00,Falta de Pago
894,7746,2023-10-20 00:00:00,Solicitud
895,20899,2027-05-30 00:00:00,Solicitud
896,12199,2024-09-06 00:00:00,Falta de Pago
897,1467,2022-07-18 00:00:00,Solicitud
898,1540,2023-07-24 00:00:00,Solicitud
899,12799,2026-10-14 00:00:00,Solicitud
900,5600,2023-05-17 00:00:00,Falta de Pago
901,12331,2025-09-15 00:00:00,Solicitud
902,6786,2025-08-12 00:00:00,Solicitud
903,28934,2028-12-29 00:00:00,Solicitud
904,4144,2024-01-31 00:00:00,Falta de Pago
905,9175,2024-01-31 00:00:00,Falta de Pago
906,13636,2025-12-14 00:00:00,Falta de Pago
907,27788,2027-10-09 00:00:00,Falta de Pago
908,10601,2024-05-15 00:00:00,Falta de Pago
909,3651,2023-12-25 00:00:00,Solicitud
910,26702,2028-07-21 00:00:00,Solicitud
911,18839,2026-12-28 00:00:00,Falta de Pago
912,28317,2027-11-15 00:00:00,Solicitud
913,26833,2027-07-31 00:00:00,Solicitud
914,16736,2025-07-27 00:00:00,Solicitud
915,6468,2023-07-18 00:00:00,Falta de Pago
916,11657,2026-07-25 00:00:00,Solicitud
917,648,2022-05-19 00:00:00,Falta de Pago
918,7496,2025-10-01 00:00:00,Falta de Pago
919,11831,2025-08-09 00:00:00,Solicitud
920,10416,2025-04-29 00:00:00,Solicitud
921,24036,2027-01-09 00:00:00,Solicitud
922,22721,2026-10-05 00:00:00,Solicitud
923,7402,2023-09-25 00:00:00,Solicitud
924,1889,2022-08-19 00:00:00,Falta de Pago
925,23285,2027-11-15 00:00:00,Solicitud
926,1504,2023-07-20 00:00:00,Falta de Pago
927,9132,2025-01-28 00:00:00,Falta de Pago
928,7682,2025-10-15 00:00:00,Falta de Pago
929,3783,2025-01-03 00:00:00,Solicitud
930,15733,2025-05-15 00:00:00,Solicitud
931,617,2025-05-16 00:00:00,Falta de Pago
932,13607,2025-12-12 00:00:00,Solicitud
933,20071,2028-03-29 00:00:00,Falta de Pago
934,19888,2026-03-16 00:00:00,Falta de Pago
935,8916,2025-01-12 00:00:00,Solicitud
936,6845,2025-08-16 00:00:00,Falta de Pago
937,4099,2024-01-28 00:00:00,Solicitud
938,23991,2027-01-06 00:00:00,Falta de Pago
939,4507,2023-02-26 00:00:00,Solicitud
940,7169,2023-09-10 00:00:00,Falta de Pago
941,2684,2023-10-16 00:00:00,Falta de Pago
942,9192,2026-02-01 00:00:00,Falta de Pago
943,10206,2024-04-14 00:00:00,Falta de Pago
944,20369,2027-04-18 00:00:00,Falta de Pago
945,13574,2025-12-09 00:00:00,Solicitud
946,309,2024-04-23 00:00:00,Solicitud
947,13742,2025-12-23 00:00:00,Falta de Pago
948,9402,2025-02-16 00:00:00,Falta de Pago
949,26370,2027-06-29 00:00:00,Falta de Pago
950,25833,2027-05-20 00:00:00,Falta de Pago
951,6491,2024-07-20 00:00:00,Falta de Pago
952,5064,2023-04-07 00:00:00,Falta de Pago
953,25756,2029-05-15 00:00:00,Falta de Pago
954,5020,2023-04-04 00:00:00,Solicitud
955,6040,2023-06-19 00:00:00,Solicitud
956,15330,2025-04-16 00:00:00,Falta de Pago
957,26494,2028-07-07 00:00:00,Solicitud
958,27830,2027-10-11 00:00:00,Falta de Pago
959,7504,2023-10-02 00:00:00,Solicitud
960,23608,2027-12-11 00:00:00,Falta de Pago
961,26375,2027-06-29 00:00:00,Solicitud
962,7564,2024-10-07 00:00:00,Solicitud
963,11955,2024-08-18 00:00:00,Falta de Pago
964,19548,2026-02-19 00:00:00,Solicitud
965,5163,2023-04-15 00:00:00,Falta de Pago
966,3202,2022-11-22 00:00:00,Falta de Pago
967,1589,2023-07-27 00:00:00,Falta de Pago
968,21898,2026-08-10 00:00:00,Falta de Pago
969,7009,2025-08-29 00:00:00,Falta de Pago
970,9096,2025-01-26 00:00:00,Solicitud
971,22056,2026-08-20 00:00:00,Falta de Pago
972,4634,2023-03-08 00:00:00,Solicitud
973,7334,2026-09-21 00:00:00,Falta de Pago
974,11805,2024-08-07 00:00:00,Solicitud
975,20072,2028-03-29 00:00:00,Falta de Pago
976,11446,2025-07-12 00:00:00,Falta de Pago
977,7823,2025-10-25 00:00:00,Falta de Pago
978,1613,2023-07-29 00:00:00,Solicitud
979,13569,2024-12-09 00:00:00,Falta de Pago
980,6744,2023-08-09 00:00:00,Falta de Pago
981,20558,2026-05-02 00:00:00,Solicitud
982,9734,2025-03-13 00:00:00,Solicitud
983,10585,2025-05-14 00:00:00,Falta de Pago
984,23788,2026-12-23 00:00:00,Falta de Pago
985,24357,2029-02-02 00:00:00,Falta de Pago
986,5926,2024-06-11 00:00:00,Solicitud
987,2265,2023-09-16 00:00:00,Falta de Pago
988,15950,2025-05-31 00:00:00,Falta de Pago
989,14834,2025-03-09 00:00:00,Solicitud
990,19239,2026-01-27 00:00:00,Falta de Pago
991,20091,2027-03-30 00:00:00,Solicitud
992,22803,2026-10-12 00:00:00,Solicitud
993,28616,2027-12-07 00:00:00,Falta de Pago
994,16814,2025-08-03 00:00:00,Solicitud
995,24335,2028-02-01 00:00:00,Falta de Pago
996,27464,2028-09-15 00:00:00,Solicitud
997,7878,2023-10-30 00:00:00,Falta de Pago
998,22609,2026-09-27 00:00:00,Solicitud
999,27167,2027-08-25 00:00:00,Falta de Pago
1000,23354,2027-11-22 00:00:00,Falta de Pago
1001,7672,2024-10-14 00:00:00,Falta de Pago
1002,24474,2028-02-12 00:00:00,Falta de Pago
1003,3017,2022-11-09 00:00:00,Falta de Pago
1004,6965,2023-08-25 00:00:00,Falta de Pago
1005,15580,2025-05-05 00:00:00,Solicitud
1006,9848,2025-03-19 00:00:00,Solicitud
1007,17376,2026-09-13 00:00:00,Falta de Pago
1008,24266,2029-01-26 00:00:00,Falta de Pago
1009,13251,2027-11-16 00:00:00,Solicitud
1010,11940,2024-08-17 00:00:00,Falta de Pago
1011,26385,2027-06-29 00:00:00,Falta de Pago
1012,17637,2028-10-01 00:00:00,Falta de Pago
1013,21501,2026-07-12 00:00:00,Falta de Pago
1014,22483,2028-09-19 00:00:00,Falta de Pago
1015,13292,2024-11-20 00:00:00,Solicitud
1016,8617,2025-12-23 00:00:00,Falta de Pago
1017,8213,2023-11-22 00:00:00,Solicitud
1018,8276,2026-11-27 00:00:00,Falta de Pago
1019,15257,2025-04-10 00:00:00,Solicitud
1020,11155,2026-06-21 00:00:00,Falta de Pago
1021,26825,2028-07-30 00:00:00,Falta de Pago
1022,27632,2027-09-27 00:00:00,Falta de Pago
1023,17402,2026-09-15 00:00:00,Falta de Pago
1024,6093,2023-06-23 00:00:00,Falta de Pago
1025,5505,2024-05-10 00:00:00,Falta de Pago
1026,2613,2022-10-12 00:00:00,Falta de Pago
1027,25612,2029-05-04 00:00:00,Falta de Pago
1028,21862,2026-08-08 00:00:00,Solicitud
1029,2861,2022-10-30 00:00:00,Falta de Pago
1030,20419,2028-04-22 00:00:00,Falta de Pago
1031,16713,2026-07-26 00:00:00,Falta de Pago
1032,15133,2026-04-01 00:00:00,Solicitud
1033,28283,2027-11-12 00:00:00,Falta de Pago
1034,14023,2025-01-11 00:00:00,Falta de Pago
1035,7687,2023-10-16 00:00:00,Falta de Pago
1036,9532,2025-02-25 00:00:00,Falta de Pago
1037,24699,2027-02-28 00:00:00,Solicitud
1038,998,2024-06-14 00:00:00,Falta de Pago
1039,27993,2027-10-23 00:00:00,Falta de Pago
1040,15451,2028-04-25 00:00:00,Falta de Pago
1041,9964,2025-03-27 00:00:00,Solicitud
1042,2541,2022-10-06 00:00:00,Solicitud
1043,7552,2025-10-06 00:00:00,Solicitud
1044,12473,2024-09-24 00:00:00,Falta de Pago
1045,15705,2025-05-13 00:00:00,Falta de Pago
1046,22358,2027-09-11 00:00:00,Falta de Pago
1047,14455,2025-02-11 00:00:00,Solicitud
1048,14265,2026-01-27 00:00:00,Solicitud
1049,12734,2025-10-10 00:00:00,Solicitud
1050,22515,2027-09-20 00:00:00,Falta de Pago
1051,17554,2025-09-25 00:00:00,Solicitud
1052,25863,2028-05-22 00:00:00,Falta de Pago
1053,8004,2023-11-08 00:00:00,Solicitud
1054,4695,2024-03-11 00:00:00,Falta de Pago
1055,17374,2025-09-13 00:00:00,Solicitud
1056,15511,2025-04-30 00:00:00,Solicitud
1057,15471,2026-04-27 00:00:00,Solicitud
1058,20460,2026-04-25 00:00:00,Falta de Pago
1059,6649,2023-08-02 00:00:00,Solicitud
1060,23757,2029-12-21 00:00:00,Falta de Pago
1061,2120,2024-09-05 00:00:00,Solicitud
1062,2614,2024-10-12 00:00:00,Falta de Pago
1063,9470,2025-02-20 00:00:00,Falta de Pago
1064,9441,2026-02-19 00:00:00,Solicitud
1065,12560,2025-09-29 00:00:00,Solicitud
1066,18552,2027-12-06 00:00:00,Solicitud
1067,11098,2024-06-18 00:00:00,Solicitud
1068,5830,2025-06-04 00:00:00,Falta de Pago
1069,3909,2024-01-13 00:00:00,Falta de Pago
1070,2059,2022-08-31 00:00:00,Solicitud
1071,1448,2023-07-16 00:00:00,Falta de Pago
1072,6979,2023-08-27 00:00:00,Solicitud
1073,19475,2027-02-14 00:00:00,Solicitud
1074,25817,2027-05-19 00:00:00,Falta de Pago
1075,4513,2024-02-27 00:00:00,Solicitud
1076,14376,2026-02-05 00:00:00,Falta de Pago
1077,26631,2029-07-16 00:00:00,Falta de Pago
1078,10705,2024-05-23 00:00:00,Falta de Pago
1079,13923,2026-01-04 00:00:00,Falta de Pago
1080,1636,2022-07-31 00:00:00,Falta de Pago
1081,2373,2022-09-22 00:00:00,Falta de Pago
1082,22426,2027-09-15 00:00:00,Falta de Pago
1083,7468,2024-09-29 00:00:00,Solicitud
1084,737,2023-05-25 00:00:00,Solicitud
1085,23979,2028-01-04 00:00:00,Solicitud
1086,10988,2027-06-10 00:00:00,Solicitud
1087,11643,2025-07-24 00:00:00,Falta de Pago
1088,2832,2024-10-28 00:00:00,Solicitud
1089,16671,2028-07-23 00:00:00,Solicitud
1090,2570,2024-10-08 00:00:00,Falta de Pago
1091,18919,2027-01-04 00:00:00,Falta de Pago
1092,78,2022-04-06 00:00:00,Solicitud
1093,13644,2025-12-15 00:00:00,Solicitud
1094,21175,2028-06-20 00:00:00,Solicitud
1095,21355,2027-07-03 00:00:00,Falta de Pago
1096,25259,2028-04-07 00:00:00,Solicitud
1097,1175,2023-06-27 00:00:00,Falta de Pago
1098,16720,2025-07-26 00:00:00,Falta de Pago
1099,20186,2027-04-05 00:00:00,Falta de Pago
1100,5699,2024-05-24 00:00:00,Falta de Pago
1101,13816,2024-12-28 00:00:00,Solicitud
1102,4844,2025-03-21 00:00:00,Solicitud
1103,7448,2024-09-28 00:00:00,Falta de Pago
1104,25020,2027-03-21 00:00:00,Falta de Pago
1105,5317,2025-04-27 00:00:00,Falta de Pago
1106,13762,2026-12-24 00:00:00,Solicitud
1107,1985,2025-08-26 00:00:00,Solicitud
1108,5506,2024-05-10 00:00:00,Falta de Pago
1109,14554,2025-02-17 00:00:00,Solicitud
1110,21449,2026-07-09 00:00:00,Solicitud
1111,21792,2027-08-03 00:00:00,Solicitud
1112,15956,2026-05-31 00:00:00,Falta de Pago
1113,26193,2027-06-16 00:00:00,Falta de Pago
1114,22764,2026-10-10 00:00:00,Solicitud
1115,26379,2028-06-29 00:00:00,Solicitud
1116,3328,2023-12-01 00:00:00,Falta de Pago
1117,13341,2024-11-23 00:00:00,Falta de Pago
1118,6545,2023-07-24 00:00:00,Falta de Pago
1119,6164,2024-06-28 00:00:00,Falta de Pago
1120,7097,2023-09-04 00:00:00,Solicitud
1121,14263,2026-01-27 00:00:00,Solicitud
1122,12669,2025-10-06 00:00:00,Solicitud
1123,5640,2024-05-21 00:00:00,Falta de Pago
1124,5308,2023-04-26 00:00:00,Solicitud
1125,7856,2023-10-29 00:00:00,Solicitud
1126,6284,2023-07-06 00:00:00,Falta de Pago
1127,9517,2025-02-24 00:00:00,Solicitud
1128,18732,2026-12-20 00:00:00,Falta de Pago
1129,10767,2024-05-27 00:00:00,Solicitud
1130,586,2023-05-15 00:00:00,Solicitud
1131,21890,2027-08-10 00:00:00,Falta de Pago
1132,25732,2027-05-13 00:00:00,Falta de Pago
1133,21049,2026-06-10 00:00:00,Falta de Pago
1134,22088,2026-08-22 00:00:00,Falta de Pago
1135,8233,2024-11-24 00:00:00,Falta de Pago
1136,6490,2023-07-20 00:00:00,Falta de Pago
1137,24794,2027-03-07 00:00:00,Solicitud
1138,6023,2024-06-18 00:00:00,Solicitud
1139,4136,2024-01-30 00:00:00,Falta de Pago
1140,23579,2026-12-09 00:00:00,Falta de Pago
1141,6245,2024-07-03 00:00:00,Falta de Pago
1142,17659,2025-10-03 00:00:00,Falta de Pago
1143,2415,2024-09-26 00:00:00,Falta de Pago
1144,4311,2024-02-11 00:00:00,Falta de Pago
1145,2592,2022-10-10 00:00:00,Solicitud
1146,9119,2024-01-27 00:00:00,Solicitud
1147,5329,2024-04-27 00:00:00,Falta de Pago
1148,6323,2023-07-08 00:00:00,Solicitud
1149,21169,2026-06-20 00:00:00,Falta de Pago
1150,224,2025-04-16 00:00:00,Falta de Pago
1151,12651,2024-10-05 00:00:00,Falta de Pago
1152,5078,2024-04-08 00:00:00,Falta de Pago
1153,15254,2027-04-10 00:00:00,Solicitud
1154,25802,2027-05-18 00:00:00,Solicitud
1155,11216,2025-06-25 00:00:00,Solicitud
1156,1249,2023-07-02 00:00:00,Falta de Pago
1157,24105,2028-01-14 00:00:00,Falta de Pago
1158,4193,2023-02-03 00:00:00,Solicitud
1159,20018,2026-03-24 00:00:00,Falta de Pago
1160,11550,2024-07-17 00:00:00,Falta de Pago
1161,26366,2027-06-28 00:00:00,Solicitud
1162,8089,2023-11-14 00:00:00,Falta de Pago
1163,9776,2025-03-16 00:00:00,Solicitud
1164,25301,2029-04-10 00:00:00,Solicitud
1165,1501,2022-07-20 00:00:00,Solicitud
1166,28542,2027-12-02 00:00:00,Solicitud
1167,8306,2025-11-29 00:00:00,Solicitud
1168,26459,2029-07-04 00:00:00,Solicitud
1169,23512,2027-12-04 00:00:00,Solicitud
1170,8064,2024-11-12 00:00:00,Solicitud
1171,11231,2025-06-26 00:00:00,Falta de Pago
1172,22178,2026-08-29 00:00:00,Falta de Pago
1173,1034,2022-06-16 00:00:00,Falta de Pago
1174,25555,2029-04-29 00:00:00,Falta de Pago
1175,17302,2026-09-09 00:00:00,Solicitud
1176,7503,2024-10-02 00:00:00,Solicitud
1177,14368,2027-02-05 00:00:00,Solicitud
1178,7153,2026-09-09 00:00:00,Falta de Pago
1179,28078,2028-10-29 00:00:00,Solicitud
1180,14010,2025-01-10 00:00:00,Falta de Pago
1181,8403,2024-12-07 00:00:00,Solicitud
1182,15394,2027-04-21 00:00:00,Solicitud
1183,22457,2027-09-17 00:00:00,Alteración de riesgo
1184,20075,2028-03-29 00:00:00,Falta de Pago
1185,14809,2027-03-08 00:00:00,Falta de Pago
1186,14210,2025-01-23 00:00:00,Falta de Pago
1187,12478,2024-09-24 00:00:00,Solicitud
1188,141,2023-04-11 00:00:00,Solicitud
1189,19934,2026-03-19 00:00:00,Falta de Pago
1190,20316,2026-04-16 00:00:00,Falta de Pago
1191,27579,2028-09-23 00:00:00,Falta de Pago
1192,2585,2024-10-09 00:00:00,Solicitud
1193,21538,2027-07-16 00:00:00,Solicitud
1194,25575,2028-05-01 00:00:00,Solicitud
1195,10533,2025-05-09 00:00:00,Solicitud
1196,12165,2025-09-03 00:00:00,Falta de Pago
1197,13803,2024-12-27 00:00:00,Solicitud
1198,5412,2024-05-03 00:00:00,Falta de Pago
1199,17185,2025-08-30 00:00:00,Solicitud
1200,13493,2024-12-03 00:00:00,Falta de Pago
1201,144,2023-04-11 00:00:00,Falta de Pago
1202,16235,2025-06-21 00:00:00,Falta de Pago
1203,7541,2026-10-05 00:00:00,Falta de Pago
1204,25545,2029-04-28 00:00:00,Solicitud
1205,20523,2026-04-30 00:00:00,Falta de Pago
1206,8345,2023-12-02 00:00:00,Solicitud
1207,20532,2028-05-01 00:00:00,Falta de Pago
1208,12346,2025-09-16 00:00:00,Falta de Pago
1209,13169,2025-11-11 00:00:00,Solicitud
1210,5208,2024-04-19 00:00:00,Solicitud
1211,5569,2023-05-15 00:00:00,Solicitud
1212,6891,2023-08-20 00:00:00,Solicitud
1213,28645,2029-12-09 00:00:00,Falta de Pago
1214,27314,2027-09-05 00:00:00,Falta de Pago
1215,2548,2023-10-07 00:00:00,Falta de Pago
1216,20933,2028-06-02 00:00:00,Solicitud
1217,22982,2027-10-26 00:00:00,Solicitud
1218,22132,2026-08-26 00:00:00,Falta de Pago
1219,7738,2023-10-19 00:00:00,Solicitud
1220,7659,2023-10-13 00:00:00,Falta de Pago
1221,21423,2026-07-07 00:00:00,Solicitud
1222,19547,2028-02-19 00:00:00,Falta de Pago
1223,23759,2026-12-21 00:00:00,Falta de Pago
1224,25783,2027-05-17 00:00:00,Falta de Pago
1225,16917,2025-08-10 00:00:00,Solicitud
1226,11652,2024-07-25 00:00:00,Falta de Pago
1227,17736,2026-10-08 00:00:00,Falta de Pago
1228,16434,2025-07-05 00:00:00,Falta de Pago
1229,12312,2025-09-14 00:00:00,Solicitud
1230,13392,2024-11-26 00:00:00,Solicitud
1231,10861,2024-06-01 00:00:00,Falta de Pago
1232,11459,2025-07-12 00:00:00,Alteración de riesgo
1233,19900,2027-03-17 00:00:00,Alteración de riesgo
1234,16717,2026-07-26 00:00:00,Falta de Pago
1235,18740,2026-12-21 00:00:00,Falta de Pago
1236,7010,2024-08-29 00:00:00,Solicitud
1237,24167,2028-01-18 00:00:00,Falta de Pago
1238,22706,2027-10-04 00:00:00,Solicitud
1239,18651,2027-12-13 00:00:00,Falta de Pago
1240,27484,2027-09-17 00:00:00,Falta de Pago
1241,10566,2026-05-11 00:00:00,Solicitud
1242,26373,2028-06-29 00:00:00,Solicitud
1243,9653,2025-03-07 00:00:00,Solicitud
1244,24523,2029-02-16 00:00:00,Falta de Pago
1245,10510,2027-05-07 00:00:00,Falta de Pago
1246,14604,2025-02-21 00:00:00,Solicitud
1247,7408,2024-09-25 00:00:00,Falta de Pago
1248,28619,2027-12-08 00:00:00,Solicitud
1249,22405,2026-09-13 00:00:00,Solicitud
1250,19513,2026-02-16 00:00:00,Falta de Pago
1251,13983,2027-01-08 00:00:00,Solicitud
1252,9458,2025-02-20 00:00:00,Falta de Pago
1253,25433,2029-04-20 00:00:00,Falta de Pago
1254,1931,2023-08-22 00:00:00,Falta de Pago
1255,22065,2027-08-20 00:00:00,Falta de Pago
1256,4244,2024-02-06 00:00:00,Falta de Pago
1257,1286,2023-07-04 00:00:00,Falta de Pago
1258,10618,2025-05-16 00:00:00,Falta de Pago
1259,16934,2025-08-11 00:00:00,Falta de Pago
1260,7882,2025-10-31 00:00:00,Solicitud
1261,67,2022-04-06 00:00:00,Falta de Pago
1262,12172,2024-09-03 00:00:00,Falta de Pago
1263,9349,2024-02-12 00:00:00,Solicitud
1264,28285,2027-11-13 00:00:00,Solicitud
1265,22614,2027-09-27 00:00:00,Falta de Pago
1266,10401,2025-04-27 00:00:00,Falta de Pago
1267,26001,2027-06-01 00:00:00,Solicitud
1268,8055,2023-11-11 00:00:00,Falta de Pago
1269,18196,2025-11-11 00:00:00,Solicitud
1270,2812,2024-10-26 00:00:00,Solicitud
1271,20956,2029-06-04 00:00:00,Alteración de riesgo
1272,13940,2025-01-05 00:00:00,Falta de Pago
1273,20924,2026-06-01 00:00:00,Falta de Pago
1274,11374,2024-07-06 00:00:00,Solicitud
1275,13280,2025-11-19 00:00:00,Falta de Pago
1276,13216,2025-11-14 00:00:00,Solicitud
1277,18540,2025-12-05 00:00:00,Falta de Pago
1278,5449,2024-05-05 00:00:00,Solicitud
1279,20909,2027-05-31 00:00:00,Solicitud
1280,6852,2023-08-17 00:00:00,Falta de Pago
1281,20314,2028-04-15 00:00:00,Solicitud
1282,5179,2024-04-17 00:00:00,Solicitud
1283,28801,2027-12-20 00:00:00,Solicitud
1284,21860,2028-08-08 00:00:00,Solicitud
1285,9377,2026-02-14 00:00:00,Falta de Pago
1286,15247,2026-04-10 00:00:00,Falta de Pago
1287,6302,2024-07-07 00:00:00,Solicitud
1288,9028,2025-01-21 00:00:00,Solicitud
1289,24283,2028-01-28 00:00:00,Falta de Pago
1290,8316,2024-11-30 00:00:00,Falta de Pago
1291,788,2023-05-29 00:00:00,Falta de Pago
1292,10386,2025-04-26 00:00:00,Falta de Pago
1293,18735,2025-12-20 00:00:00,Falta de Pago
1294,1353,2024-07-09 00:00:00,Falta de Pago
1295,23320,2028-11-18 00:00:00,Falta de Pago
1296,15365,2026-04-18 00:00:00,Falta de Pago
1297,23415,2027-11-27 00:00:00,Falta de Pago
1298,27019,2027-08-14 00:00:00,Falta de Pago
1299,458,2022-05-06 00:00:00,Falta de Pago
1300,21393,2027-07-05 00:00:00,Falta de Pago
1301,4555,2024-03-02 00:00:00,Falta de Pago
1302,5276,2025-04-24 00:00:00,Solicitud
1303,15779,2026-05-18 00:00:00,Falta de Pago
1304,16983,2026-08-15 00:00:00,Falta de Pago
1305,8674,2026-12-28 00:00:00,Solicitud
1306,632,2023-05-17 00:00:00,Solicitud
1307,14742,2027-03-03 00:00:00,Falta de Pago
1308,7149,2024-09-08 00:00:00,Falta de Pago
1309,3646,2023-12-24 00:00:00,Falta de Pago
1310,13517,2026-12-05 00:00:00,Falta de Pago
1311,16540,2025-07-14 00:00:00,Solicitud
1312,21332,2026-07-01 00:00:00,Falta de Pago
1313,8312,2023-11-29 00:00:00,Solicitud
1314,2247,2022-09-14 00:00:00,Solicitud
1315,22253,2028-09-04 00:00:00,Falta de Pago
1316,9434,2025-02-18 00:00:00,Solicitud
1317,26253,2027-06-20 00:00:00,Solicitud
1318,22939,2027-10-22 00:00:00,Solicitud
1319,12499,2024-09-26 00:00:00,Solicitud
1320,24700,2027-02-28 00:00:00,Falta de Pago
1321,19117,2026-01-17 00:00:00,Solicitud
1322,21149,2026-06-18 00:00:00,Falta de Pago
1323,10793,2024-05-28 00:00:00,Falta de Pago
1324,6168,2024-06-28 00:00:00,Falta de Pago
1325,24241,2027-01-24 00:00:00,Falta de Pago
1326,19527,2026-02-17 00:00:00,Falta de Pago
1327,1253,2022-07-02 00:00:00,Falta de Pago
1328,18496,2026-12-03 00:00:00,Falta de Pago
1329,1854,2023-08-17 00:00:00,Solicitud
1330,27599,2028-09-25 00:00:00,Falta de Pago
1331,17346,2026-09-11 00:00:00,Solicitud
1332,2724,2022-10-20 00:00:00,Falta de Pago
1333,5608,2024-05-18 00:00:00,Solicitud
1334,5977,2023-06-15 00:00:00,Falta de Pago
1335,9406,2024-02-16 00:00:00,Falta de Pago
1336,25393,2030-04-18 00:00:00,Solicitud
1337,8441,2023-12-10 00:00:00,Solicitud
1338,13650,2025-12-15 00:00:00,Solicitud
1339,6971,2025-08-26 00:00:00,Falta de Pago
1340,13870,2025-12-31 00:00:00,Falta de Pago
1341,26318,2027-06-25 00:00:00,Falta de Pago
1342,2632,2022-10-13 00:00:00,Solicitud
1343,9076,2025-01-24 00:00:00,Alteración de riesgo
1344,22647,2028-09-29 00:00:00,Falta de Pago
1345,15972,2025-06-02 00:00:00,Falta de Pago
1346,26550,2027-07-11 00:00:00,Solicitud
1347,20213,2026-04-07 00:00:00,Falta de Pago
1348,1072,2023-06-19 00:00:00,Solicitud
1349,16797,2025-08-01 00:00:00,Solicitud
1350,11375,2024-07-06 00:00:00,Solicitud
1351,19756,2026-03-06 00:00:00,Solicitud
1352,4708,2023-03-13 00:00:00,Falta de Pago
1353,25784,2029-05-17 00:00:00,Falta de Pago
1354,24356,2027-02-02 00:00:00,Solicitud
1355,21233,2027-06-24 00:00:00,Solicitud
1356,22821,2028-10-14 00:00:00,Falta de Pago
1357,13388,2026-11-26 00:00:00,Falta de Pago
1358,8619,2023-12-23 00:00:00,Falta de Pago
1359,5665,2024-05-22 00:00:00,Falta de Pago
1360,26485,2027-07-06 00:00:00,Solicitud
1361,21510,2026-07-13 00:00:00,Solicitud
1362,13013,2025-10-30 00:00:00,Solicitud
1363,4889,2024-03-24 00:00:00,Falta de Pago
1364,9817,2026-03-17 00:00:00,Falta de Pago
1365,5856,2024-06-06 00:00:00,Falta de Pago
1366,3821,2025-01-07 00:00:00,Solicitud
1367,23205,2026-11-10 00:00:00,Falta de Pago
1368,19125,2026-01-18 00:00:00,Falta de Pago
1369,5126,2024-04-12 00:00:00,Falta de Pago
1370,21791,2026-08-03 00:00:00,Solicitud
1371,23277,2026-11-15 00:00:00,Falta de Pago
1372,9756,2024-03-15 00:00:00,Solicitud
1373,13709,2024-12-21 00:00:00,Solicitud
1374,991,2022-06-13 00:00:00,Falta de Pago
1375,13040,2027-11-01 00:00:00,Falta de Pago
1376,4205,2024-02-04 00:00:00,Falta de Pago
1377,25749,2028-05-14 00:00:00,Solicitud
1378,27842,2027-10-13 00:00:00,Falta de Pago
1379,12901,2025-10-22 00:00:00,Falta de Pago
1380,14347,2025-02-02 00:00:00,Solicitud
1381,10924,2025-06-07 00:00:00,Falta de Pago
1382,4119,2023-01-29 00:00:00,Falta de Pago
1383,7273,2023-09-17 00:00:00,Falta de Pago
1384,26936,2028-08-08 00:00:00,Alteración de riesgo
1385,2029,2023-08-29 00:00:00,Solicitud
1386,22885,2027-10-18 00:00:00,Solicitud
1387,20822,2028-05-23 00:00:00,Solicitud
1388,10645,2026-05-18 00:00:00,Falta de Pago
1389,17618,2027-09-30 00:00:00,Falta de Pago
1390,9687,2026-03-09 00:00:00,Falta de Pago
1391,16285,2026-06-24 00:00:00,Falta de Pago
1392,9066,2024-01-24 00:00:00,Falta de Pago
1393,22956,2027-10-24 00:00:00,Solicitud
1394,23996,2028-01-06 00:00:00,Solicitud
1395,4514,2024-02-27 00:00:00,Falta de Pago
1396,26646,2027-07-17 00:00:00,Solicitud
1397,206,2024-04-15 00:00:00,Falta de Pago
1398,16805,2025-08-02 00:00:00,Falta de Pago
1399,17663,2026-10-03 00:00:00,Falta de Pago
1400,9329,2024-02-11 00:00:00,Solicitud
1401,4257,2023-02-07 00:00:00,Solicitud
1402,21944,2027-08-13 00:00:00,Solicitud
1403,18239,2026-11-14 00:00:00,Falta de Pago
1404,27229,2028-08-30 00:00:00,Solicitud
1405,24667,2027-02-26 00:00:00,Falta de Pago
1406,4303,2025-02-11 00:00:00,Falta de Pago
1407,11277,2024-06-29 00:00:00,Solicitud
1408,10243,2024-04-16 00:00:00,Falta de Pago
1409,9394,2024-02-15 00:00:00,Solicitud
1410,23168,2027-11-07 00:00:00,Solicitud
1411,16801,2026-08-01 00:00:00,Solicitud
1412,25921,2027-05-26 00:00:00,Falta de Pago
1413,16932,2025-08-11 00:00:00,Solicitud
1414,6758,2024-08-10 00:00:00,Solicitud
1415,5935,2023-06-12 00:00:00,Solicitud
1416,7041,2024-08-31 00:00:00,Solicitud
1417,17107,2027-08-24 00:00:00,Falta de Pago
1418,9172,2024-01-31 00:00:00,Falta de Pago
1419,25769,2027-05-16 00:00:00,Falta de Pago
1420,2071,2022-09-01 00:00:00,Falta de Pago
1421,5867,2025-06-07 00:00:00,Falta de Pago
1422,5234,2024-04-21 00:00:00,Falta de Pago
1423,20110,2027-04-01 00:00:00,Solicitud
1424,28766,2027-12-18 00:00:00,Solicitud
1425,14736,2025-03-02 00:00:00,Solicitud
1426,12212,2024-09-06 00:00:00,Solicitud
1427,12376,2025-09-18 00:00:00,Solicitud
1428,4206,2025-02-04 00:00:00,Solicitud
1429,19939,2028-03-19 00:00:00,Falta de Pago
1430,8365,2024-12-04 00:00:00,Solicitud
1431,26773,2029-07-26 00:00:00,Falta de Pago
1432,11137,2025-06-20 00:00:00,Falta de Pago
1433,22805,2028-10-12 00:00:00,Solicitud
1434,2611,2022-10-12 00:00:00,Solicitud
1435,16057,2025-06-08 00:00:00,Falta de Pago
1436,4196,2025-02-03 00:00:00,Falta de Pago
1437,24135,2027-01-16 00:00:00,Solicitud
1438,11177,2024-06-23 00:00:00,Solicitud
1439,3593,2022-12-20 00:00:00,Falta de Pago
1440,6489,2024-07-20 00:00:00,Falta de Pago
1441,17797,2025-10-13 00:00:00,Falta de Pago
1442,24752,2028-03-04 00:00:00,Falta de Pago
1443,15851,2026-05-23 00:00:00,Solicitud
1444,17294,2027-09-08 00:00:00,Solicitud
1445,9870,2025-03-21 00:00:00,Falta de Pago
1446,21832,2026-08-06 00:00:00,Solicitud
1447,1517,2022-07-21 00:00:00,Falta de Pago
1448,10946,2025-06-08 00:00:00,Falta de Pago
1449,26651,2027-07-17 00:00:00,Falta de Pago
1450,17003,2026-08-17 00:00:00,Solicitud
1451,1879,2023-08-18 00:00:00,Falta de Pago
1452,17490,2026-09-20 00:00:00,Solicitud
1453,18920,2026-01-04 00:00:00,Falta de Pago
1454,2077,2024-09-01 00:00:00,Falta de Pago
1455,593,2023-05-15 00:00:00,Solicitud
1456,1760,2022-08-09 00:00:00,Solicitud
1457,28324,2028-11-15 00:00:00,Falta de Pago
1458,14041,2027-01-11 00:00:00,Falta de Pago
1459,3516,2022-12-15 00:00:00,Solicitud
1460,18483,2026-12-01 00:00:00,Falta de Pago
1461,26079,2027-06-07 00:00:00,Falta de Pago
1462,9224,2024-02-04 00:00:00,Falta de Pago
1463,11624,2025-07-23 00:00:00,Solicitud
1464,28029,2027-10-25 00:00:00,Solicitud
1465,9551,2025-02-27 00:00:00,Falta de Pago
1466,27657,2027-09-29 00:00:00,Falta de Pago
1467,23958,2028-01-03 00:00:00,Solicitud
1468,4924,2024-03-28 00:00:00,Falta de Pago
1469,7120,2024-09-06 00:00:00,Solicitud
1470,26078,2029-06-07 00:00:00,Solicitud
1471,20439,2026-04-24 00:00:00,Falta de Pago
1472,7912,2023-11-01 00:00:00,Falta de Pago
1473,13966,2026-01-07 00:00:00,Solicitud
1474,22915,2026-10-20 00:00:00,Solicitud
1475,25401,2027-04-19 00:00:00,Falta de Pago
1476,15770,2026-05-18 00:00:00,Falta de Pago
1477,9223,2025-02-04 00:00:00,Solicitud
1478,11900,2025-08-14 00:00:00,Falta de Pago
1479,24287,2027-01-28 00:00:00,Solicitud
1480,11604,2025-07-22 00:00:00,Falta de Pago
1481,14467,2026-02-11 00:00:00,Falta de Pago
1482,18606,2026-12-10 00:00:00,Falta de Pago
1483,23707,2026-12-17 00:00:00,Falta de Pago
1484,22261,2027-09-04 00:00:00,Solicitud
1485,10963,2025-06-09 00:00:00,Falta de Pago
1486,5120,2023-04-11 00:00:00,Falta de Pago
1487,23373,2027-11-24 00:00:00,Falta de Pago
1488,13563,2024-12-09 00:00:00,Solicitud
1489,23407,2027-11-26 00:00:00,Solicitud
1490,22513,2026-09-20 00:00:00,Solicitud
1491,9561,2024-02-27 00:00:00,Solicitud
1492,19835,2027-03-12 00:00:00,Solicitud
1493,22766,2027-10-10 00:00:00,Solicitud
1494,26897,2028-08-05 00:00:00,Solicitud
1495,18746,2025-12-21 00:00:00,Solicitud
1496,27223,2028-08-29 00:00:00,Falta de Pago
1497,7516,2024-10-03 00:00:00,Solicitud
1498,20238,2026-04-10 00:00:00,Alteración de riesgo
1499,4842,2023-03-21 00:00:00,Falta de Pago
1500,10955,2024-06-09 00:00:00,Solicitud
1501,4097,2024-01-27 00:00:00,Solicitud
1502,25825,2027-05-20 00:00:00,Falta de Pago
1503,6308,2023-07-08 00:00:00,Falta de Pago
1504,3366,2022-12-03 00:00:00,Falta de Pago
1505,14391,2026-02-06 00:00:00,Solicitud
1506,3356,2025-12-03 00:00:00,Solicitud
1507,14860,2025-03-11 00:00:00,Solicitud
1508,3736,2022-12-31 00:00:00,Solicitud
1509,3787,2026-01-04 00:00:00,Falta de Pago
1510,27570,2028-09-23 00:00:00,Falta de Pago
1511,26452,2027-07-03 00:00:00,Falta de Pago
1512,13162,2024-11-11 00:00:00,Falta de Pago
1513,3717,2024-12-29 00:00:00,Falta de Pago
1514,21317,2026-06-30 00:00:00,Falta de Pago
1515,279,2023-04-21 00:00:00,Falta de Pago
1516,20297,2026-04-14 00:00:00,Falta de Pago
1517,25262,2028-04-07 00:00:00,Solicitud
1518,21948,2027-08-13 00:00:00,Falta de Pago
1519,13879,2026-01-01 00:00:00,Solicitud
1520,7583,2024-10-08 00:00:00,Solicitud
1521,2954,2023-11-05 00:00:00,Falta de Pago
1522,4518,2025-02-28 00:00:00,Falta de Pago
1523,22758,2027-10-09 00:00:00,Falta de Pago
1524,7469,2024-09-29 00:00:00,Falta de Pago
1525,7351,2024-09-22 00:00:00,Solicitud
1526,8477,2023-12-12 00:00:00,Solicitud
1527,11172,2026-06-22 00:00:00,Solicitud
1528,20878,2027-05-28 00:00:00,Solicitud
1529,27621,2030-09-27 00:00:00,Solicitud
1530,8063,2023-11-12 00:00:00,Solicitud
1531,14909,2025-03-15 00:00:00,Falta de Pago
1532,6105,2024-06-24 00:00:00,Solicitud
1533,445,2022-05-05 00:00:00,Solicitud
1534,2211,2023-09-11 00:00:00,Solicitud
1535,4703,2024-03-12 00:00:00,Solicitud
1536,27415,2028-09-11 00:00:00,Solicitud
1537,14393,2025-02-06 00:00:00,Solicitud
1538,3936,2023-01-15 00:00:00,Falta de Pago
1539,22400,2027-09-13 00:00:00,Falta de Pago
1540,17633,2026-10-01 00:00:00,Solicitud
1541,13863,2025-12-31 00:00:00,Falta de Pago
1542,4489,2024-02-25 00:00:00,Falta de Pago
1543,18025,2025-10-29 00:00:00,Falta de Pago
1544,25497,2028-04-25 00:00:00,Falta de Pago
1545,27743,2028-10-06 00:00:00,Falta de Pago
1546,1824,2023-08-14 00:00:00,Solicitud
1547,13527,2024-12-06 00:00:00,Falta de Pago
1548,11880,2026-08-12 00:00:00,Falta de Pago
1549,21479,2027-07-11 00:00:00,Solicitud
1550,17019,2025-08-18 00:00:00,Solicitud
1551,12604,2025-10-02 00:00:00,Falta de Pago
1552,15723,2025-05-14 00:00:00,Solicitud
1553,10095,2024-04-06 00:00:00,Falta de Pago
1554,2138,2024-09-07 00:00:00,Solicitud
1555,23321,2027-11-18 00:00:00,Solicitud
1556,2022,2025-08-29 00:00:00,Solicitud
1557,16374,2025-06-30 00:00:00,Falta de Pago
1558,17447,2027-09-18 00:00:00,Solicitud
1559,14287,2026-01-29 00:00:00,Falta de Pago
1560,11816,2024-08-08 00:00:00,Solicitud
1561,11145,2024-06-21 00:00:00,Solicitud
1562,9323,2024-02-11 00:00:00,Solicitud
1563,28626,2029-12-08 00:00:00,Falta de Pago
1564,18073,2026-11-03 00:00:00,Falta de Pago
1565,7963,2025-11-05 00:00:00,Solicitud
1566,25719,2028-05-12 00:00:00,Falta de Pago
1567,1162,2022-06-26 00:00:00,Solicitud
1568,22104,2027-08-23 00:00:00,Solicitud
1569,8335,2023-12-01 00:00:00,Solicitud
1570,26007,2028-06-02 00:00:00,Falta de Pago
1571,16050,2025-06-08 00:00:00,Falta de Pago
1572,3893,2023-01-12 00:00:00,Solicitud
1573,9769,2026-03-16 00:00:00,Solicitud
1574,23915,2029-01-01 00:00:00,Falta de Pago
1575,9085,2024-01-25 00:00:00,Solicitud
1576,10571,2025-05-12 00:00:00,Falta de Pago
1577,25567,2027-04-30 00:00:00,Falta de Pago
1578,2744,2023-10-21 00:00:00,Solicitud
1579,11382,2024-07-06 00:00:00,Solicitud
1580,28666,2027-12-11 00:00:00,Solicitud
1581,14243,2025-01-25 00:00:00,Solicitud
1582,1821,2022-08-14 00:00:00,Falta de Pago
1583,2709,2024-10-18 00:00:00,Falta de Pago
1584,1232,2023-07-01 00:00:00,Falta de Pago
1585,18714,2027-12-18 00:00:00,Falta de Pago
1586,11813,2025-08-08 00:00:00,Falta de Pago
1587,12439,2025-09-22 00:00:00,Solicitud
1588,20554,2027-05-02 00:00:00,Falta de Pago
1589,16375,2026-06-30 00:00:00,Solicitud
1590,19060,2027-01-13 00:00:00,Solicitud
1591,13335,2027-11-23 00:00:00,Solicitud
1592,18879,2026-12-31 00:00:00,Falta de Pago
1593,22291,2028-09-06 00:00:00,Falta de Pago
1594,867,2022-06-04 00:00:00,Solicitud
1595,24746,2027-03-04 00:00:00,Falta de Pago
1596,2773,2023-10-23 00:00:00,Falta de Pago
1597,5819,2023-06-03 00:00:00,Falta de Pago
1598,6618,2023-07-30 00:00:00,Solicitud
1599,14800,2027-03-07 00:00:00,Falta de Pago
1600,19698,2027-03-02 00:00:00,Solicitud
1601,17610,2026-09-29 00:00:00,Solicitud
1602,23723,2027-12-19 00:00:00,Falta de Pago
1603,21406,2027-07-07 00:00:00,Falta de Pago
1604,22508,2027-09-20 00:00:00,Solicitud
1605,15745,2025-05-15 00:00:00,Falta de Pago
1606,26609,2029-07-14 00:00:00,Solicitud
1607,2419,2022-09-26 00:00:00,Falta de Pago
1608,8556,2024-12-18 00:00:00,Falta de Pago
1609,12637,2024-10-04 00:00:00,Solicitud
1610,13882,2026-01-01 00:00:00,Solicitud
1611,25241,2027-04-05 00:00:00,Falta de Pago
1612,19696,2026-03-02 00:00:00,Falta de Pago
1613,2465,2023-09-30 00:00:00,Falta de Pago
1614,28520,2027-11-30 00:00:00,Solicitud
1615,20288,2026-04-14 00:00:00,Solicitud
1616,27633,2028-09-27 00:00:00,Solicitud
1617,24172,2029-01-18 00:00:00,Solicitud
1618,16258,2025-06-22 00:00:00,Falta de Pago
1619,26441,2028-07-03 00:00:00,Falta de Pago
1620,17888,2026-10-19 00:00:00,Solicitud
1621,27266,2029-09-02 00:00:00,Falta de Pago
1622,1457,2022-07-17 00:00:00,Solicitud
1623,5615,2025-05-18 00:00:00,Falta de Pago
1624,24748,2027-03-04 00:00:00,Falta de Pago
1625,22217,2029-09-01 00:00:00,Solicitud
1626,9632,2024-03-05 00:00:00,Falta de Pago
1627,6672,2023-08-04 00:00:00,Falta de Pago
1628,24128,2027-01-15 00:00:00,Falta de Pago
1629,14419,2027-02-08 00:00:00,Falta de Pago
1630,20594,2026-05-05 00:00:00,Falta de Pago
1631,10515,2024-05-08 00:00:00,Falta de Pago
1632,21956,2027-08-13 00:00:00,Falta de Pago
1633,16466,2028-07-08 00:00:00,Solicitud
1634,22616,2026-09-27 00:00:00,Falta de Pago
1635,9993,2024-03-29 00:00:00,Solicitud
1636,2659,2024-10-15 00:00:00,Solicitud
1637,3755,2024-01-02 00:00:00,Solicitud
1638,23593,2029-12-10 00:00:00,Solicitud
1639,11462,2026-07-12 00:00:00,Solicitud
1640,15353,2025-04-17 00:00:00,Solicitud
1641,5728,2023-05-26 00:00:00,Falta de Pago
1642,19580,2028-02-22 00:00:00,Falta de Pago
1643,5500,2023-05-09 00:00:00,Solicitud
1644,20231,2028-04-09 00:00:00,Falta de Pago
1645,41,2024-04-03 00:00:00,Falta de Pago
1646,22001,2026-08-16 00:00:00,Solicitud
1647,19653,2026-02-27 00:00:00,Falta de Pago
1648,21872,2027-08-08 00:00:00,Falta de Pago
1649,22636,2027-09-29 00:00:00,Solicitud
1650,5275,2024-04-24 00:00:00,Solicitud
1651,15558,2025-05-03 00:00:00,Falta de Pago
1652,21830,2026-08-06 00:00:00,Solicitud
1653,8723,2023-12-31 00:00:00,Alteración de riesgo
1654,18711,2026-12-18 00:00:00,Falta de Pago
1655,21723,2026-07-30 00:00:00,Falta de Pago
1656,8566,2024-12-18 00:00:00,Solicitud
1657,8314,2024-11-30 00:00:00,Solicitud
1658,17379,2026-09-13 00:00:00,Falta de Pago
1659,18762,2025-12-22 00:00:00,Solicitud
1660,17468,2026-09-19 00:00:00,Falta de Pago
1661,12587,2026-09-30 00:00:00,Falta de Pago
1662,14847,2026-03-10 00:00:00,Falta de Pago
1663,5390,2024-05-02 00:00:00,Solicitud
1664,17958,2025-10-25 00:00:00,Falta de Pago
1665,25239,2027-04-05 00:00:00,Falta de Pago
1666,3421,2022-12-08 00:00:00,Falta de Pago
1667,926,2022-06-08 00:00:00,Solicitud
1668,10508,2025-05-07 00:00:00,Solicitud
1669,24814,2027-03-08 00:00:00,Solicitud
1670,3151,2022-11-19 00:00:00,Solicitud
1671,23224,2026-11-11 00:00:00,Solicitud
1672,25419,2027-04-20 00:00:00,Solicitud
1673,8205,2023-11-22 00:00:00,Solicitud
1674,8334,2025-12-01 00:00:00,Solicitud
1675,21955,2026-08-13 00:00:00,Falta de Pago
1676,11570,2024-07-19 00:00:00,Falta de Pago
1677,18638,2025-12-12 00:00:00,Falta de Pago
1678,12425,2024-09-20 00:00:00,Falta de Pago
1679,9780,2024-03-16 00:00:00,Solicitud
1680,8721,2024-12-30 00:00:00,Falta de Pago
1681,7470,2023-09-29 00:00:00,Falta de Pago
1682,3932,2024-01-14 00:00:00,Solicitud
1683,8729,2023-12-31 00:00:00,Falta de Pago
1684,19457,2027-02-12 00:00:00,Falta de Pago
1685,27079,2027-08-18 00:00:00,Solicitud
1686,9248,2025-02-05 00:00:00,Falta de Pago
1687,15575,2027-05-05 00:00:00,Falta de Pago
1688,15905,2025-05-27 00:00:00,Falta de Pago
1689,8497,2025-12-14 00:00:00,Solicitud
1690,3228,2022-11-24 00:00:00,Solicitud
1691,26565,2029-07-11 00:00:00,Falta de Pago
1692,21837,2026-08-06 00:00:00,Falta de Pago
1693,14363,2028-02-04 00:00:00,Solicitud
1694,904,2023-06-07 00:00:00,Falta de Pago
1695,7435,2024-09-27 00:00:00,Solicitud
1696,11879,2024-08-12 00:00:00,Falta de Pago
1697,8091,2025-11-14 00:00:00,Solicitud
1698,3727,2022-12-30 00:00:00,Falta de Pago
1699,6561,2025-07-26 00:00:00,Falta de Pago
1700,25559,2029-04-29 00:00:00,Solicitud
1701,9455,2024-02-20 00:00:00,Solicitud
1702,18917,2026-01-04 00:00:00,Falta de Pago
1703,6720,2024-08-08 00:00:00,Falta de Pago
1704,12267,2024-09-10 00:00:00,Solicitud
1705,23401,2027-11-26 00:00:00,Falta de Pago
1706,23288,2027-11-15 00:00:00,Falta de Pago
1707,18560,2026-12-07 00:00:00,Falta de Pago
1708,3247,2023-11-25 00:00:00,Solicitud
1709,6395,2024-07-14 00:00:00,Falta de Pago
1710,11472,2024-07-13 00:00:00,Falta de Pago
1711,12041,2025-08-25 00:00:00,Falta de Pago
1712,12998,2025-10-29 00:00:00,Falta de Pago
1713,25319,2029-04-12 00:00:00,Falta de Pago
1714,27457,2028-09-14 00:00:00,Solicitud
1715,3812,2024-01-06 00:00:00,Solicitud
1716,8329,2023-12-01 00:00:00,Falta de Pago
1717,23279,2027-11-15 00:00:00,Solicitud
1718,24431,2027-02-08 00:00:00,Solicitud
1719,22049,2026-08-19 00:00:00,Solicitud
1720,3488,2023-12-13 00:00:00,Solicitud
1721,8662,2023-12-27 00:00:00,Falta de Pago
1722,27631,2030-09-27 00:00:00,Falta de Pago
1723,23228,2026-11-11 00:00:00,Falta de Pago
1724,18910,2026-01-03 00:00:00,Solicitud
1725,23325,2026-11-19 00:00:00,Falta de Pago
1726,11750,2024-08-01 00:00:00,Solicitud
1727,14559,2028-02-18 00:00:00,Falta de Pago
1728,17286,2026-09-07 00:00:00,Falta de Pago
1729,10228,2024-04-15 00:00:00,Falta de Pago
1730,7200,2024-09-12 00:00:00,Falta de Pago
1731,19564,2026-02-20 00:00:00,Falta de Pago
1732,8346,2025-12-02 00:00:00,Falta de Pago
1733,10704,2024-05-23 00:00:00,Solicitud
1734,10817,2024-05-29 00:00:00,Solicitud
1735,16898,2025-08-09 00:00:00,Solicitud
1736,7420,2023-09-26 00:00:00,Falta de Pago
1737,11673,2025-07-27 00:00:00,Solicitud
1738,15085,2025-03-28 00:00:00,Falta de Pago
1739,646,2022-05-19 00:00:00,Solicitud
1740,9846,2025-03-19 00:00:00,Solicitud
1741,21990,2026-08-15 00:00:00,Solicitud
1742,19079,2028-01-14 00:00:00,Falta de Pago
1743,3944,2024-01-15 00:00:00,Solicitud
1744,21337,2027-07-01 00:00:00,Solicitud
1745,25203,2027-04-03 00:00:00,Solicitud
1746,10396,2024-04-27 00:00:00,Solicitud
1747,5697,2025-05-24 00:00:00,Solicitud
1748,13070,2024-11-04 00:00:00,Falta de Pago
1749,18529,2026-12-05 00:00:00,Solicitud
1750,28868,2028-12-25 00:00:00,Falta de Pago
1751,21388,2026-07-05 00:00:00,Falta de Pago
1752,11487,2025-07-14 00:00:00,Falta de Pago
1753,519,2024-05-10 00:00:00,Falta de Pago
1754,18132,2026-11-06 00:00:00,Falta de Pago
1755,27029,2028-08-15 00:00:00,Solicitud
1756,10282,2025-04-19 00:00:00,Falta de Pago
1757,10914,2026-06-06 00:00:00,Solicitud
1758,8177,2024-11-20 00:00:00,Solicitud
1759,1520,2022-07-22 00:00:00,Solicitud
1760,9877,2025-03-21 00:00:00,Solicitud
1761,6107,2025-06-25 00:00:00,Falta de Pago
1762,16030,2028-06-06 00:00:00,Falta de Pago
1763,14726,2025-03-01 00:00:00,Falta de Pago
1764,24407,2028-02-06 00:00:00,Falta de Pago
1765,27365,2027-09-08 00:00:00,Falta de Pago
1766,5545,2023-05-13 00:00:00,Solicitud
1767,27264,2027-09-02 00:00:00,Solicitud
1768,9730,2024-03-13 00:00:00,Solicitud
1769,502,2023-05-09 00:00:00,Solicitud
1770,22388,2028-09-13 00:00:00,Falta de Pago
1771,137,2023-04-10 00:00:00,Solicitud
1772,28136,2027-11-02 00:00:00,Falta de Pago
1773,1152,2023-06-25 00:00:00,Falta de Pago
1774,6427,2024-07-15 00:00:00,Falta de Pago
1775,28374,2028-11-18 00:00:00,Falta de Pago
1776,24745,2028-03-04 00:00:00,Falta de Pago
1777,21987,2029-08-15 00:00:00,Falta de Pago
1778,12777,2024-10-13 00:00:00,Falta de Pago
1779,22335,2027-09-09 00:00:00,Solicitud
1780,18503,2025-12-03 00:00:00,Solicitud
1781,25893,2027-05-24 00:00:00,Solicitud
1782,20058,2026-03-28 00:00:00,Solicitud
1783,28314,2028-11-15 00:00:00,Falta de Pago
1784,8040,2023-11-10 00:00:00,Solicitud
1785,22544,2026-09-22 00:00:00,Falta de Pago
1786,8899,2024-01-11 00:00:00,Solicitud
1787,3709,2025-12-29 00:00:00,Solicitud
1788,21783,2026-08-03 00:00:00,Alteración de riesgo
1789,13063,2024-11-03 00:00:00,Solicitud
1790,19328,2027-02-03 00:00:00,Solicitud
1791,10501,2025-05-07 00:00:00,Falta de Pago
1792,2249,2023-09-14 00:00:00,Falta de Pago
1793,5166,2023-04-15 00:00:00,Falta de Pago
1794,25953,2028-05-28 00:00:00,Solicitud
1795,2014,2024-08-28 00:00:00,Falta de Pago
1796,13739,2027-12-22 00:00:00,Solicitud
1797,24010,2028-01-07 00:00:00,Solicitud
1798,25131,2029-03-29 00:00:00,Solicitud
1799,23121,2029-11-04 00:00:00,Solicitud
1800,11845,2025-08-09 00:00:00,Solicitud
1801,9799,2024-03-16 00:00:00,Falta de Pago
1802,28081,2027-10-29 00:00:00,Solicitud
1803,1022,2024-06-15 00:00:00,Falta de Pago
1804,3190,2022-11-22 00:00:00,Falta de Pago
1805,17998,2025-10-27 00:00:00,Falta de Pago
1806,4122,2026-01-29 00:00:00,Solicitud
1807,12307,2025-09-13 00:00:00,Solicitud
1808,7712,2024-10-17 00:00:00,Falta de Pago
1809,12615,2024-10-02 00:00:00,Falta de Pago
1810,16682,2026-07-23 00:00:00,Falta de Pago
1811,15448,2026-04-25 00:00:00,Falta de Pago
1812,3706,2022-12-28 00:00:00,Falta de Pago
1813,14845,2027-03-10 00:00:00,Solicitud
1814,24479,2027-02-12 00:00:00,Falta de Pago
1815,2519,2023-10-04 00:00:00,Solicitud
1816,9767,2025-03-16 00:00:00,Falta de Pago
1817,26515,2027-07-08 00:00:00,Falta de Pago
1818,27784,2028-10-09 00:00:00,Solicitud
1819,24729,2028-03-02 00:00:00,Solicitud
1820,8615,2025-12-23 00:00:00,Falta de Pago
1821,20506,2029-04-29 00:00:00,Solicitud
1822,869,2023-06-04 00:00:00,Falta de Pago
1823,27395,2028-09-10 00:00:00,Solicitud
1824,19051,2028-01-12 00:00:00,Falta de Pago
1825,24987,2028-03-18 00:00:00,Solicitud
1826,11687,2025-07-28 00:00:00,Solicitud
1827,12638,2024-10-04 00:00:00,Solicitud
1828,26542,2029-07-10 00:00:00,Falta de Pago
1829,13492,2024-12-03 00:00:00,Solicitud
1830,18546,2025-12-05 00:00:00,Solicitud
1831,20539,2027-05-01 00:00:00,Falta de Pago
1832,24247,2028-01-25 00:00:00,Solicitud
1833,15153,2026-04-02 00:00:00,Solicitud
1834,2993,2022-11-08 00:00:00,Falta de Pago
1835,16708,2027-07-25 00:00:00,Solicitud
1836,15336,2026-04-16 00:00:00,Falta de Pago
1837,24970,2028-03-17 00:00:00,Solicitud
1838,11194,2024-06-24 00:00:00,Solicitud
1839,20153,2026-04-03 00:00:00,Solicitud
1840,3685,2024-12-27 00:00:00,Falta de Pago
1841,27702,2027-10-03 00:00:00,Solicitud
1842,2130,2022-09-06 00:00:00,Falta de Pago
1843,26545,2027-07-10 00:00:00,Falta de Pago
1844,20417,2026-04-22 00:00:00,Solicitud
1845,23612,2026-12-11 00:00:00,Falta de Pago
1846,2038,2022-08-30 00:00:00,Falta de Pago
1847,10051,2025-04-03 00:00:00,Solicitud
1848,16839,2028-08-04 00:00:00,Falta de Pago
1849,19360,2026-02-06 00:00:00,Solicitud
1850,22446,2027-09-16 00:00:00,Solicitud
1851,18391,2026-11-25 00:00:00,Falta de Pago
1852,5024,2024-04-04 00:00:00,Solicitud
1853,19555,2028-02-19 00:00:00,Falta de Pago
1854,16495,2027-07-10 00:00:00,Falta de Pago
1855,21164,2027-06-19 00:00:00,Solicitud
1856,1902,2025-08-20 00:00:00,Falta de Pago
1857,26429,2027-07-02 00:00:00,Falta de Pago
1858,11440,2026-07-11 00:00:00,Solicitud
1859,27382,2027-09-09 00:00:00,Falta de Pago
1860,11703,2025-07-29 00:00:00,Falta de Pago
1861,13205,2024-11-14 00:00:00,Solicitud
1862,4954,2023-03-30 00:00:00,Falta de Pago
1863,26212,2027-06-17 00:00:00,Solicitud
1864,7121,2023-09-06 00:00:00,Falta de Pago
